物料ID,物料名称,物料类型,单位,保质期(天),最小起订量,采购提前期(天),标准成本,销售价格,主供应商,备用供应商,正常交期(天),交付可靠率,供应商评级
M0001,ABS塑料外壳,原材料,个,3650,100,12,111.5,143.84,SUP016,SUP004,8,0.98,A级
M0002,PC透明罩,原材料,个,3650,2000,5,58.34,81.68,SUP035,SUP009,17,0.92,B级
M0003,铝合金散热片,原材料,片,3650,500,22,63.34,88.68,SUP028,SUP014,14,0.93,B级
M0004,PCB主板,原材料,块,180,2000,24,37.44,56.53,SUP024,SUP029,22,0.9,C级
M0005,PCB副板,原材料,块,180,100,21,40.6,51.97,SUP036,SUP015,10,0.96,A级
M0006,FPC柔性排线,原材料,根,3650,200,4,8.13,10.73,SUP022,SUP005,17,0.91,C级
M0007,ARM Cortex-A53芯片,原材料,片,1095,200,21,64.73,92.56,SUP037,SUP031,13,0.94,B级
M0008,ARM Cortex-A35芯片,原材料,片,180,100,16,11.68,16.59,SUP023,SUP028,11,0.94,B级
M0009,MCU STM32F103,原材料,片,3650,2000,23,78.43,116.86,SUP007,SUP004,6,0.98,A级
M0010,DSP处理器,原材料,片,180,200,17,22.87,32.25,SUP009,SUP028,18,0.91,C级
M0011,WiFi模块 802.11ac,原材料,个,3650,500,20,96.97,142.55,SUP007,SUP004,6,0.98,A级
M0012,蓝牙模块 BLE5.2,原材料,个,3650,200,18,20,29.6,SUP031,SUP014,12,0.94,B级
M0013,Zigbee模块,原材料,个,730,100,11,118.24,175.0,SUP030,SUP019,18,0.91,C级
M0014,LoRa模块,原材料,个,1095,200,9,22.83,32.65,SUP004,SUP038,15,0.92,C级
M0015,电源模块 5V2A,原材料,个,3650,100,19,70.12,92.56,SUP034,SUP011,19,0.91,C级
M0016,电源模块 12V1A,原材料,个,3650,100,24,71.42,102.13,SUP016,SUP026,8,0.98,A级
M0017,电源模块 24V2A,原材料,个,180,1000,22,71.36,91.34,SUP006,SUP027,12,0.94,B级
M0018,LED灯珠 RGB,原材料,颗,365,500,25,24.55,36.83,SUP021,SUP016,9,0.96,A级
M0019,LED灯珠 暖白3000K,原材料,颗,365,500,5,37.98,52.41,SUP001,SUP030,7,0.98,A级
M0020,LED驱动器,原材料,个,3650,1000,11,25.62,38.17,SUP009,SUP023,18,0.91,C级
M0021,电解电容 100μF,原材料,颗,365,200,20,52.61,76.81,SUP020,SUP040,12,0.93,B级
M0022,电解电容 220μF,原材料,颗,365,2000,7,12.48,18.1,SUP017,SUP008,10,0.94,B级
M0023,钽电容 10μF,原材料,颗,365,500,25,72.6,95.11,SUP022,SUP014,17,0.91,C级
M0024,贴片电阻 10kΩ,原材料,颗,1095,500,4,108.65,144.5,SUP006,SUP028,12,0.94,B级
M0025,贴片电阻 1kΩ,原材料,颗,3650,2000,8,117.58,181.07,SUP029,SUP036,6,0.98,A级
M0026,贴片电阻 100Ω,原材料,颗,3650,100,25,113.41,173.52,SUP010,SUP035,14,0.93,B级
M0027,电感器 10μH,原材料,颗,3650,500,12,15.34,22.86,SUP024,SUP003,22,0.9,C级
M0028,晶振 32.768kHz,原材料,颗,3650,500,16,93.62,145.11,SUP040,SUP010,18,0.91,C级
M0029,晶振 24MHz,原材料,颗,730,100,13,21.56,30.18,SUP027,SUP016,15,0.92,C级
M0030,整流二极管,原材料,颗,3650,500,18,104.67,132.93,SUP015,SUP013,13,0.95,B级
M0031,TVS保护二极管,原材料,颗,180,100,15,79.22,106.95,SUP022,SUP018,17,0.91,C级
M0032,MOSFET NMOS,原材料,颗,365,2000,24,61.15,86.83,SUP035,SUP022,17,0.92,B级
M0033,包装彩盒(大),原材料,个,3650,1000,11,115.51,154.78,SUP003,SUP007,5,0.99,A级
M0034,包装彩盒(中),原材料,个,365,500,19,72.76,101.14,SUP008,SUP025,10,0.95,B级
M0035,包装彩盒(小),原材料,个,730,100,20,62.41,94.24,SUP013,SUP024,20,0.9,C级
M0036,珍珠棉内托,原材料,个,365,1000,6,37.7,55.04,SUP020,SUP033,12,0.93,B级
M0037,EVA衬垫,原材料,片,730,2000,7,35.51,50.42,SUP013,SUP027,20,0.9,C级
M0038,电源线 1.5m,原材料,根,3650,1000,15,68.31,86.07,SUP036,SUP001,10,0.96,A级
M0039,电源线 3m,原材料,根,365,500,24,53.04,77.44,SUP014,SUP033,7,0.97,A级
M0040,USB数据线 Type-C,原材料,根,3650,2000,19,10.22,13.9,SUP040,SUP022,18,0.91,C级
M0041,传感器模块 温湿度,原材料,个,365,200,7,96.8,133.58,SUP002,SUP003,10,0.95,B级
M0042,传感器模块 气压,原材料,个,3650,500,23,49.76,68.17,SUP037,SUP013,13,0.94,B级
M0043,传感器模块 陀螺仪,原材料,个,730,200,25,17.75,25.38,SUP001,SUP007,7,0.98,A级
M0044,显示屏 OLED 0.96寸,原材料,块,1095,100,6,66.91,93.67,SUP030,SUP009,18,0.91,C级
M0045,显示屏 TFT 2.4寸,原材料,块,365,500,19,73.54,94.13,SUP028,SUP036,14,0.93,B级
M0046,触摸面板 电容式,原材料,块,1095,500,10,31.14,43.6,SUP018,SUP034,5,0.99,A级
M0047,锂电池 18650,原材料,节,1095,100,10,85.64,126.75,SUP018,SUP022,5,0.99,A级
M0048,锂电池 聚合物3000mAh,原材料,块,3650,200,25,27.79,39.74,SUP010,SUP014,14,0.93,B级
M0049,纽扣电池 CR2032,原材料,颗,1095,500,16,7.52,10.53,SUP025,SUP038,8,0.97,A级
M0050,继电器 5V,原材料,个,730,500,14,0.76,1.16,SUP020,SUP025,12,0.93,B级
M0051,继电器 12V,原材料,个,180,500,16,26.37,35.07,SUP032,SUP002,20,0.9,C级
M0052,螺丝 M2*6 不锈钢,原材料,颗,730,2000,17,19.85,27.39,SUP009,SUP040,18,0.91,C级
M0053,螺丝 M3*8 不锈钢,原材料,颗,3650,100,7,77.15,118.04,SUP030,SUP012,18,0.91,C级
M0054,螺母 M3,原材料,颗,180,500,15,39.26,54.57,SUP018,SUP027,5,0.99,A级
M0055,弹簧 拉伸,原材料,个,3650,2000,14,64.75,91.3,SUP015,SUP005,13,0.95,B级
M0056,弹簧 压缩,原材料,个,180,200,22,100.72,126.91,SUP010,SUP016,14,0.93,B级
M0057,磁铁 钕磁铁 10x2mm,原材料,片,180,500,14,83.95,110.81,SUP011,SUP039,9,0.96,A级
M0058,导热硅脂,原材料,g,3650,200,6,115.77,149.34,SUP038,SUP002,15,0.93,B级
M0059,RFID标签 无源,原材料,个,730,2000,21,23.84,30.04,SUP016,SUP007,8,0.98,A级
M0060,NFC天线,原材料,个,3650,1000,14,93.93,137.14,SUP035,SUP028,17,0.92,B级
M0061,GPS模块,原材料,个,365,100,18,101.96,154.98,SUP007,SUP028,6,0.98,A级
M0062,扬声器 3W,原材料,个,3650,500,19,21.18,27.11,SUP018,SUP040,5,0.99,A级
M0063,麦克风 MEMS,原材料,个,730,2000,13,71.12,102.41,SUP016,SUP006,8,0.98,A级
M0064,蜂鸣器 有源,原材料,个,1095,1000,15,73.26,101.83,SUP022,SUP002,17,0.91,C级
M0065,ABS塑料外壳 v2,原材料,个,1095,200,11,42.61,59.23,SUP022,SUP018,17,0.91,C级
M0066,PC透明罩 v2,原材料,个,3650,1000,5,113.77,150.18,SUP016,SUP027,8,0.98,A级
M0067,铝合金散热片 v2,原材料,片,1095,2000,17,85.44,129.87,SUP002,SUP006,10,0.95,B级
M0068,PCB主板 v2,原材料,块,180,500,14,79.69,114.75,SUP031,SUP036,12,0.94,B级
M0069,PCB副板 v2,原材料,块,365,500,11,84.36,117.26,SUP020,SUP017,12,0.93,B级
M0070,FPC柔性排线 v2,原材料,根,365,100,25,89.16,123.93,SUP012,SUP013,11,0.94,B级
M0071,ARM Cortex-A53芯片 v2,原材料,片,365,100,12,99.92,152.88,SUP015,SUP024,13,0.95,B级
M0072,ARM Cortex-A35芯片 v2,原材料,片,3650,500,4,5.51,8.54,SUP036,SUP019,10,0.96,A级
M0073,MCU STM32F103 v2,原材料,片,1095,100,21,104.73,147.67,SUP019,SUP031,16,0.92,C级
M0074,DSP处理器 v2,原材料,片,3650,500,18,112.93,160.36,SUP008,SUP005,10,0.95,B级
M0075,WiFi模块 802.11ac v2,原材料,个,3650,200,21,17.95,26.03,SUP020,SUP006,12,0.93,B级
M0076,蓝牙模块 BLE5.2 v2,原材料,个,180,1000,17,45.68,61.21,SUP020,SUP038,12,0.93,B级
M0077,Zigbee模块 v2,原材料,个,3650,1000,6,115.22,171.68,SUP014,SUP014,7,0.97,A级
M0078,LoRa模块 v2,原材料,个,180,200,8,66.26,92.76,SUP001,SUP027,7,0.98,A级
M0079,电源模块 5V2A v2,原材料,个,365,100,25,27.82,38.67,SUP019,SUP030,16,0.92,C级
M0080,电源模块 12V1A v2,原材料,个,180,500,10,13.82,21.01,SUP010,SUP018,14,0.93,B级
M0081,电源模块 24V2A v2,原材料,个,365,1000,21,89.89,124.05,SUP019,SUP029,16,0.92,C级
M0082,LED灯珠 RGB v2,原材料,颗,730,500,18,60.08,80.51,SUP029,SUP006,6,0.98,A级
M0083,LED灯珠 暖白3000K v2,原材料,颗,365,1000,5,30.08,40.01,SUP015,SUP037,13,0.95,B级
M0084,LED驱动器 v2,原材料,个,365,1000,8,4.88,6.15,SUP031,SUP034,12,0.94,B级
M0085,电解电容 100μF v2,原材料,颗,3650,1000,18,52.33,75.88,SUP006,SUP031,12,0.94,B级
M0086,电解电容 220μF v2,原材料,颗,3650,200,25,39.61,56.64,SUP032,SUP019,20,0.9,C级
M0087,钽电容 10μF v2,原材料,颗,3650,500,11,10.61,14.75,SUP021,SUP008,9,0.96,A级
M0088,贴片电阻 10kΩ v2,原材料,颗,1095,500,19,6.55,9.24,SUP024,SUP040,22,0.9,C级
M0089,贴片电阻 1kΩ v2,原材料,颗,180,500,12,65.93,92.3,SUP029,SUP032,6,0.98,A级
M0090,贴片电阻 100Ω v2,原材料,颗,180,2000,20,19.05,29.15,SUP001,SUP036,7,0.98,A级
M0091,电感器 10μH v2,原材料,颗,1095,100,7,77.74,103.39,SUP032,SUP019,20,0.9,C级
M0092,晶振 32.768kHz v2,原材料,颗,1095,500,20,29.29,41.01,SUP010,SUP025,14,0.93,B级
M0093,晶振 24MHz v2,原材料,颗,3650,100,16,33.19,46.47,SUP022,SUP033,17,0.91,C级
M0094,整流二极管 v2,原材料,颗,365,1000,24,69.61,104.41,SUP032,SUP010,20,0.9,C级
M0095,TVS保护二极管 v2,原材料,颗,365,1000,15,91.56,136.42,SUP030,SUP021,18,0.91,C级
M0096,MOSFET NMOS v2,原材料,颗,730,200,16,102.73,145.88,SUP003,SUP021,5,0.99,A级
M0097,包装彩盒(大) v2,原材料,个,730,2000,23,95.1,144.55,SUP010,SUP032,14,0.93,B级
M0098,包装彩盒(中) v2,原材料,个,365,100,17,104.91,157.37,SUP007,SUP034,6,0.98,A级
M0099,包装彩盒(小) v2,原材料,个,730,2000,5,116.4,155.98,SUP031,SUP017,12,0.94,B级
M0100,珍珠棉内托 v2,原材料,个,3650,500,20,102.29,156.5,SUP025,SUP021,8,0.97,A级
M0101,EVA衬垫 v2,原材料,片,3650,1000,23,8.26,10.57,SUP019,SUP015,16,0.92,C级
M0102,电源线 1.5m v2,原材料,根,3650,500,12,20.01,29.21,SUP002,SUP003,10,0.95,B级
M0103,电源线 3m v2,原材料,根,365,500,10,51.71,77.05,SUP034,SUP027,19,0.91,C级
M0104,USB数据线 Type-C v2,原材料,根,3650,200,15,9.52,13.33,SUP040,SUP016,18,0.91,C级
M0105,传感器模块 温湿度 v2,原材料,个,180,500,17,76.57,106.43,SUP017,SUP001,10,0.94,B级
M0106,传感器模块 气压 v2,原材料,个,3650,100,14,53.04,81.68,SUP038,SUP020,15,0.93,B级
M0107,传感器模块 陀螺仪 v2,原材料,个,365,500,9,101.44,156.22,SUP025,SUP031,8,0.97,A级
M0108,显示屏 OLED 0.96寸 v2,原材料,块,365,1000,25,35.54,53.31,SUP019,SUP002,16,0.92,C级
M0109,显示屏 TFT 2.4寸 v2,原材料,块,3650,1000,12,89.43,124.31,SUP015,SUP039,13,0.95,B级
M0110,触摸面板 电容式 v2,原材料,块,365,2000,24,90.68,115.16,SUP009,SUP007,18,0.91,C级
M0111,锂电池 18650 v2,原材料,节,1095,100,7,69.57,92.53,SUP006,SUP019,12,0.94,B级
M0112,锂电池 聚合物3000mAh v2,原材料,块,180,200,14,94.39,132.15,SUP034,SUP033,19,0.91,C级
M0113,纽扣电池 CR2032 v2,原材料,颗,1095,500,13,89.6,114.69,SUP008,SUP030,10,0.95,B级
M0114,继电器 5V v2,原材料,个,730,1000,15,43.92,64.56,SUP001,SUP017,7,0.98,A级
M0115,继电器 12V v2,原材料,个,365,1000,23,45.75,62.68,SUP024,SUP007,22,0.9,C级
M0116,螺丝 M2*6 不锈钢 v2,原材料,颗,365,1000,5,26.6,36.71,SUP030,SUP020,18,0.91,C级
M0117,螺丝 M3*8 不锈钢 v2,原材料,颗,3650,100,18,36.56,45.7,SUP008,SUP007,10,0.95,B级
M0118,螺母 M3 v2,原材料,颗,730,500,25,44.55,55.69,SUP035,SUP027,17,0.92,B级
M0119,弹簧 拉伸 v2,原材料,个,730,2000,18,11.93,16.94,SUP040,SUP027,18,0.91,C级
M0120,弹簧 压缩 v2,原材料,个,180,500,10,53.39,81.69,SUP024,SUP007,22,0.9,C级
M0121,磁铁 钕磁铁 10x2mm v2,原材料,片,365,100,9,47.81,60.72,SUP008,SUP030,10,0.95,B级
M0122,导热硅脂 v2,原材料,g,3650,100,10,94.43,140.7,SUP009,SUP037,18,0.91,C级
M0123,RFID标签 无源 v2,原材料,个,180,1000,10,25.95,34.25,SUP022,SUP010,17,0.91,C级
M0124,NFC天线 v2,原材料,个,3650,1000,8,30.12,43.37,SUP008,SUP002,10,0.95,B级
M0125,GPS模块 v2,原材料,个,365,100,4,20.95,31.01,SUP009,SUP027,18,0.91,C级
M0126,扬声器 3W v2,原材料,个,1095,500,19,93.37,143.79,SUP038,SUP007,15,0.93,B级
M0127,麦克风 MEMS v2,原材料,个,3650,2000,24,94,136.3,SUP034,SUP020,19,0.91,C级
M0128,蜂鸣器 有源 v2,原材料,个,3650,500,16,101.68,146.42,SUP007,SUP032,6,0.98,A级
M0129,ABS塑料外壳 v3,原材料,个,3650,500,5,73.02,94.93,SUP009,SUP018,18,0.91,C级
M0130,PC透明罩 v3,原材料,个,365,500,19,119.36,159.94,SUP019,SUP030,16,0.92,C级
M0131,铝合金散热片 v3,原材料,片,3650,2000,20,78.13,110.94,SUP014,SUP028,7,0.97,A级
M0132,PCB主板 v3,原材料,块,365,500,6,47.88,70.86,SUP021,SUP028,9,0.96,A级
M0133,PCB副板 v3,原材料,块,3650,2000,5,110.76,169.46,SUP006,SUP006,12,0.94,B级
M0134,FPC柔性排线 v3,原材料,根,365,200,21,66.79,93.51,SUP036,SUP036,10,0.96,A级
M0135,ARM Cortex-A53芯片 v3,原材料,片,365,2000,16,112.94,166.02,SUP004,SUP019,15,0.92,C级
M0136,ARM Cortex-A35芯片 v3,原材料,片,180,200,10,78.83,101.69,SUP007,SUP023,6,0.98,A级
M0137,MCU STM32F103 v3,原材料,片,180,500,22,101.43,133.89,SUP040,SUP036,18,0.91,C级
M0138,DSP处理器 v3,原材料,片,365,100,25,21.69,31.02,SUP020,SUP022,12,0.93,B级
M0139,WiFi模块 802.11ac v3,原材料,个,730,100,23,17.07,26.29,SUP002,SUP006,10,0.95,B级
M0140,蓝牙模块 BLE5.2 v3,原材料,个,1095,500,12,18.93,28.58,SUP021,SUP037,9,0.96,A级
M0141,Zigbee模块 v3,原材料,个,3650,200,4,90.54,126.76,SUP006,SUP018,12,0.94,B级
M0142,LoRa模块 v3,原材料,个,1095,500,19,32.82,42.01,SUP008,SUP023,10,0.95,B级
M0143,电源模块 5V2A v3,原材料,个,1095,1000,4,80.07,116.1,SUP015,SUP026,13,0.95,B级
M0144,电源模块 12V1A v3,原材料,个,365,200,11,92.09,140.9,SUP019,SUP021,16,0.92,C级
M0145,电源模块 24V2A v3,原材料,个,730,200,20,15.55,23.17,SUP015,SUP033,13,0.95,B级
M0146,LED灯珠 RGB v3,原材料,颗,3650,500,4,103.42,157.2,SUP028,SUP002,14,0.93,B级
M0147,LED灯珠 暖白3000K v3,原材料,颗,730,1000,23,48.56,65.07,SUP027,SUP019,15,0.92,C级
M0148,LED驱动器 v3,原材料,个,3650,1000,25,55.24,75.68,SUP024,SUP006,22,0.9,C级
M0149,电解电容 100μF v3,原材料,颗,730,1000,5,48.08,71.64,SUP026,SUP020,10,0.95,B级
M0150,电解电容 220μF v3,原材料,颗,3650,1000,19,76.01,107.17,SUP033,SUP013,16,0.93,B级
M0151,钽电容 10μF v3,半成品,颗,3650,200,11,12.38,17.58,SUP013,SUP012,20,0.9,C级
M0152,贴片电阻 10kΩ v3,半成品,颗,3650,200,23,114.16,154.12,SUP032,SUP030,20,0.9,C级
M0153,贴片电阻 1kΩ v3,半成品,颗,365,2000,17,37.97,52.78,SUP005,SUP031,8,0.97,A级
M0154,贴片电阻 100Ω v3,半成品,颗,3650,500,12,60.91,101.11,SUP030,SUP029,18,0.91,C级
M0155,电感器 10μH v3,半成品,颗,3650,2000,5,103.72,142.1,SUP040,SUP039,18,0.91,C级
M0156,晶振 32.768kHz v3,半成品,颗,3650,500,21,109.09,160.36,SUP013,SUP021,20,0.9,C级
M0157,晶振 24MHz v3,半成品,颗,3650,500,13,12.47,18.33,SUP006,SUP033,12,0.94,B级
M0158,整流二极管 v3,半成品,颗,1095,500,22,62.91,101.91,SUP011,SUP024,9,0.96,A级
M0159,TVS保护二极管 v3,半成品,颗,730,500,4,81.48,110.81,SUP022,SUP005,17,0.91,C级
M0160,MOSFET NMOS v3,半成品,颗,730,500,24,30.28,46.33,SUP039,SUP010,12,0.94,B级
M0161,包装彩盒(大) v3,半成品,个,3650,500,23,37.26,54.4,SUP026,SUP009,10,0.95,B级
M0162,包装彩盒(中) v3,半成品,个,365,1000,13,45.23,66.04,SUP009,SUP034,18,0.91,C级
M0163,包装彩盒(小) v3,半成品,个,365,100,8,43.54,63.57,SUP014,SUP022,7,0.97,A级
M0164,珍珠棉内托 v3,半成品,个,3650,100,6,35.53,49.39,SUP033,SUP035,16,0.93,B级
M0165,EVA衬垫 v3,半成品,片,3650,1000,8,45.24,76.0,SUP012,SUP040,11,0.94,B级
M0166,电源线 1.5m v3,半成品,根,730,500,10,81.18,125.83,SUP029,SUP040,6,0.98,A级
M0167,电源线 3m v3,半成品,根,180,1000,18,28.74,46.85,SUP013,SUP024,20,0.9,C级
M0168,USB数据线 Type-C v3,半成品,根,1095,500,19,93.39,130.75,SUP034,SUP027,19,0.91,C级
M0169,传感器模块 温湿度 v3,半成品,个,3650,500,18,6.31,9.65,SUP024,SUP036,22,0.9,C级
M0170,传感器模块 气压 v3,半成品,个,3650,500,8,10.11,15.16,SUP018,SUP029,5,0.99,A级
M0171,传感器模块 陀螺仪 v3,半成品,个,3650,200,14,98.01,144.07,SUP002,SUP027,10,0.95,B级
M0172,显示屏 OLED 0.96寸 v3,半成品,块,180,500,14,119.34,186.17,SUP015,SUP002,13,0.95,B级
M0173,显示屏 TFT 2.4寸 v3,半成品,块,365,200,12,16.56,26.33,SUP031,SUP009,12,0.94,B级
M0174,触摸面板 电容式 v3,半成品,块,3650,100,9,2.33,3.19,SUP010,SUP036,14,0.93,B级
M0175,锂电池 18650 v3,半成品,节,365,200,4,36.17,53.89,SUP016,SUP027,8,0.98,A级
M0176,锂电池 聚合物3000mAh v3,半成品,块,3650,100,18,100.41,142.58,SUP039,SUP035,12,0.94,B级
M0177,纽扣电池 CR2032 v3,半成品,颗,180,2000,16,17.27,28.84,SUP001,SUP040,7,0.98,A级
M0178,继电器 5V v3,半成品,个,3650,2000,19,80.2,109.87,SUP024,SUP005,22,0.9,C级
M0179,继电器 12V v3,半成品,个,3650,500,4,104.81,161.41,SUP025,SUP024,8,0.97,A级
M0180,螺丝 M2*6 不锈钢 v3,半成品,颗,3650,500,24,28.97,47.51,SUP007,SUP038,6,0.98,A级
M0181,螺丝 M3*8 不锈钢 v3,半成品,颗,365,2000,24,21.05,31.79,SUP030,SUP031,18,0.91,C级
M0182,螺母 M3 v3,半成品,颗,3650,2000,17,93.15,149.97,SUP003,SUP019,5,0.99,A级
M0183,弹簧 拉伸 v3,半成品,个,3650,500,19,112.01,159.05,SUP026,SUP035,10,0.95,B级
M0184,弹簧 压缩 v3,半成品,个,180,500,4,42.87,68.59,SUP022,SUP018,17,0.91,C级
M0185,磁铁 钕磁铁 10x2mm v3,半成品,片,730,2000,15,52.8,87.65,SUP022,SUP012,17,0.91,C级
M0186,导热硅脂 v3,半成品,g,365,100,5,87.26,122.16,SUP028,SUP039,14,0.93,B级
M0187,RFID标签 无源 v3,半成品,个,3650,100,12,39.38,60.65,SUP020,SUP029,12,0.93,B级
M0188,NFC天线 v3,半成品,个,1095,500,14,53.68,86.96,SUP040,SUP028,18,0.91,C级
M0189,GPS模块 v3,半成品,个,3650,2000,14,76.52,117.08,SUP033,SUP011,16,0.93,B级
M0190,扬声器 3W v3,半成品,个,1095,100,10,15.19,25.52,SUP024,SUP024,22,0.9,C级
M0191,麦克风 MEMS v3,半成品,个,3650,2000,14,54.02,76.17,SUP024,SUP029,22,0.9,C级
M0192,蜂鸣器 有源 v3,半成品,个,365,500,11,37.76,62.3,SUP016,SUP008,8,0.98,A级
M0193,ABS塑料外壳 v4,半成品,个,730,1000,11,14.18,21.13,SUP029,SUP014,6,0.98,A级
M0194,PC透明罩 v4,半成品,个,180,100,5,16.33,24.49,SUP029,SUP012,6,0.98,A级
M0195,铝合金散热片 v4,半成品,片,365,2000,5,41.72,62.16,SUP036,SUP035,10,0.96,A级
M0196,PCB主板 v4,半成品,块,3650,500,6,61.08,84.29,SUP013,SUP009,20,0.9,C级
M0197,PCB副板 v4,半成品,块,365,1000,17,68.69,100.29,SUP036,SUP009,10,0.96,A级
M0198,FPC柔性排线 v4,半成品,根,365,500,18,119.95,176.33,SUP034,SUP027,19,0.91,C级
M0199,ARM Cortex-A53芯片 v4,半成品,片,3650,500,17,77.1,111.02,SUP030,SUP034,18,0.91,C级
M0200,ARM Cortex-A35芯片 v4,半成品,片,3650,200,4,51.94,78.95,SUP008,SUP034,10,0.95,B级
M0201,贴片电容 0402 100nF,原材料,颗,3650,5000,5,0.05,0.07,SUP001,SUP015,7,0.98,A级
M0202,贴片电容 0603 10μF,原材料,颗,3650,3000,5,0.08,0.11,SUP002,SUP018,10,0.95,B级
M0203,贴片电容 0805 22μF,原材料,颗,3650,2000,6,0.12,0.17,SUP003,SUP021,5,0.99,A级
M0204,电解电容 470μF 16V,原材料,颗,365,1000,8,0.35,0.47,SUP004,SUP025,15,0.92,C级
M0205,电解电容 1000μF 25V,原材料,颗,365,500,10,0.68,0.95,SUP005,SUP028,8,0.97,A级
M0206,钽电容 47μF 16V,原材料,颗,365,800,12,1.2,1.55,SUP006,SUP030,12,0.94,B级
M0207,电感线圈 4.7μH 屏蔽,原材料,颗,3650,1000,7,0.45,0.67,SUP007,SUP012,6,0.98,A级
M0208,电感线圈 10μH 绕线,原材料,颗,3650,800,8,0.78,1.16,SUP008,SUP017,10,0.95,B级
M0209,电感线圈 22μH 贴片,原材料,颗,3650,600,9,1.15,1.71,SUP009,SUP022,18,0.91,C级
M0210,晶振 12MHz HC-49S,原材料,颗,3650,500,10,0.85,1.27,SUP010,SUP027,14,0.93,B级
M0211,晶振 25MHz SMD3225,原材料,颗,3650,400,11,1.25,1.65,SUP011,SUP033,9,0.96,A级
M0212,晶振 40MHz OSC,原材料,颗,3650,300,14,2.8,4.31,SUP012,SUP035,11,0.94,B级
M0213,整流桥 MB6S,原材料,颗,3650,1000,6,0.25,0.38,SUP013,SUP019,20,0.9,C级
M0214,肖特基二极管 SS34,原材料,颗,3650,2000,5,0.08,0.12,SUP014,SUP023,7,0.97,A级
M0215,稳压二极管 3.3V,原材料,颗,3650,1500,5,0.06,0.08,SUP015,SUP026,13,0.95,B级
M0216,三极管 S8050 NPN,原材料,颗,3650,2000,5,0.07,0.1,SUP016,SUP029,8,0.98,A级
M0217,三极管 S8550 PNP,原材料,颗,3650,2000,5,0.07,0.11,SUP017,SUP031,10,0.94,B级
M0218,MOS管 AO3400 N沟道,原材料,颗,3650,1500,6,0.15,0.22,SUP018,SUP004,5,0.99,A级
M0219,MOS管 SI2302 P沟道,原材料,颗,3650,1200,7,0.18,0.28,SUP019,SUP007,16,0.92,C级
M0220,光耦 PC817,原材料,颗,3650,800,8,0.35,0.48,SUP020,SUP010,12,0.93,B级
M0221,光耦 TLP181 高速,原材料,颗,3650,500,10,1.2,1.56,SUP021,SUP014,9,0.96,A级
M0222,连接器 USB Type-C母座,原材料,个,3650,500,12,2.5,3.55,SUP022,SUP018,17,0.91,C级
M0223,连接器 HDMI接口,原材料,个,3650,300,14,4.8,6.82,SUP023,SUP025,11,0.94,B级
M0224,排针 2.54mm 2x40P,原材料,个,3650,1000,6,0.65,0.92,SUP024,SUP003,22,0.9,C级
M0225,排针 1.27mm 单排,原材料,个,3650,800,7,0.9,1.15,SUP025,SUP009,8,0.97,A级
M0226,插座 DC电源座 5.5x2.1mm,原材料,个,3650,600,8,0.38,0.55,SUP026,SUP013,10,0.95,B级
M0227,插座 音频耳机座 3.5mm,原材料,个,3650,800,6,0.28,0.4,SUP027,SUP017,15,0.92,C级
M0228,继电器 HF46F 5V,原材料,个,730,500,10,3.5,4.97,SUP028,SUP021,14,0.93,B级
M0229,变压器 EE13 开关电源,原材料,个,3650,200,15,8.5,11.13,SUP029,SUP005,6,0.98,A级
M0230,变压器 EE25 高频,原材料,个,3650,150,18,12.8,17.15,SUP030,SUP011,18,0.91,C级
M0231,保险丝 3.15A 250V,原材料,个,3650,2000,5,0.12,0.16,SUP031,SUP016,12,0.94,B级
M0232,保险丝 自恢复 1A,原材料,个,3650,1500,6,0.25,0.35,SUP032,SUP020,20,0.9,C级
M0233,压敏电阻 14D471K,原材料,颗,3650,1000,7,0.18,0.23,SUP033,SUP024,16,0.93,B级
M0234,热敏电阻 NTC 5D-9,原材料,颗,3650,800,8,0.55,0.73,SUP034,SUP006,19,0.91,C级
M0235,LED灯珠 白光 6500K,原材料,颗,3650,5000,5,0.04,0.06,SUP035,SUP012,17,0.92,B级
M0236,LED灯珠 红色 0603,原材料,颗,3650,5000,5,0.03,0.04,SUP036,SUP019,10,0.96,A级
M0237,显示屏模组 IPS 14寸 FHD,原材料,块,3650,50,28,185,270.1,SUP037,SUP002,13,0.94,B级
M0238,显示屏模组 IPS 15.6寸 4K,原材料,块,3650,30,35,280,414.4,SUP001,SUP008,7,0.98,A级
M0239,触摸屏 G+F 14寸,原材料,块,3650,80,22,125,183.75,SUP002,SUP014,10,0.95,B级
M0240,触摸屏 G+G 15.6寸,原材料,块,3650,60,25,168,220.08,SUP003,SUP017,5,0.99,A级
M0241,摄像头模组 1080P AF,原材料,个,3650,100,15,45,64.8,SUP004,SUP020,15,0.92,C级
M0242,摄像头模组 4K 自动对焦,原材料,个,3650,50,22,128,179.2,SUP005,SUP025,8,0.97,A级
M0243,指纹模块 电容式,原材料,个,3650,200,12,28.5,37.91,SUP006,SUP010,12,0.94,B级
M0244,NFC芯片 PN532,原材料,片,3650,300,10,15.8,23.7,SUP007,SUP015,6,0.98,A级
M0245,蓝牙模块 RTL8762C,原材料,个,3650,500,8,8.5,11.39,SUP008,SUP018,10,0.95,B级
M0246,WiFi模块 RTL8822CS,原材料,个,3650,400,12,18.6,24.92,SUP009,SUP022,18,0.91,C级
M0247,GPS模块 L76X,原材料,个,3650,200,16,32,42.56,SUP010,SUP026,14,0.93,B级
M0248,4G模组 EC20,原材料,个,3650,100,20,85,107.95,SUP011,SUP029,9,0.96,A级
M0249,5G模组 RM500Q,原材料,个,3650,50,30,245,335.65,SUP012,SUP033,11,0.94,B级
M0250,电源管理IC MP2307DN,原材料,片,3650,1000,9,2.8,4.26,SUP013,SUP004,20,0.9,C级
M0251,MCU单片机 GD32F103C8T6,原材料,片,3650,500,11,12.5,18.5,SUP014,SUP019,7,0.97,A级
M0252,MCU单片机 ESP32-WROOM,原材料,块,3650,200,14,35,47.95,SUP015,SUP023,13,0.95,B级
M0253,存储芯片 W25Q128 Flash,原材料,片,3650,800,8,5.6,7.0,SUP016,SUP027,8,0.98,A级
M0254,存储芯片 AT24C256 EEPROM,原材料,片,3650,1000,7,2.2,2.82,SUP017,SUP005,10,0.94,B级
M0255,温度传感器 DS18B20,原材料,个,3650,500,8,3.8,4.79,SUP018,SUP011,5,0.99,A级
M0256,湿度传感器 DHT22,原材料,个,3650,400,9,8.5,10.96,SUP019,SUP014,16,0.92,C级
M0257,压力传感器 BMP280,原材料,个,3650,300,11,12,17.52,SUP020,SUP021,12,0.93,B级
M0258,光线传感器 BH1750,原材料,个,3650,500,8,4.5,6.39,SUP021,SUP016,9,0.96,A级
M0259,加速度传感器 MPU6050,原材料,个,3650,300,12,15.8,24.17,SUP022,SUP025,17,0.91,C级
M0260,陀螺仪 L3G4200D,原材料,个,3650,250,13,18.5,25.16,SUP023,SUP028,11,0.94,B级
M0261,ABS外壳 笔记本A面 14寸,原材料,个,3650,100,14,68.5,101.38,SUP024,SUP002,22,0.9,C级
M0262,ABS外壳 笔记本D面 14寸,原材料,个,3650,100,12,52.3,74.79,SUP025,SUP007,8,0.97,A级
M0263,PC罩 触摸板盖板,原材料,个,3650,200,10,18.6,26.97,SUP026,SUP012,10,0.95,B级
M0264,铝合金件 键盘支架,原材料,个,3650,150,15,35.8,51.19,SUP027,SUP017,15,0.92,C级
M0265,不锈钢螺丝 M2*4 十字,原材料,颗,730,5000,5,0.02,0.03,SUP028,SUP004,14,0.93,B级
M0266,不锈钢螺丝 M2.5*6 圆头,原材料,颗,730,5000,5,0.03,0.04,SUP029,SUP009,6,0.98,A级
M0267,铜散热片 VC均热板,原材料,片,3650,80,20,156,204.36,SUP030,SUP015,18,0.91,C级
M0268,石墨片 0.025mm 导热,原材料,片,3650,200,10,12.5,17.38,SUP031,SUP019,12,0.94,B级
M0269,硅胶垫圈 密封圈 Φ20,原材料,个,730,2000,6,0.15,0.23,SUP032,SUP022,20,0.9,C级
M0270,泡棉胶带 双面 1mm厚,原材料,卷,730,100,8,28,42.28,SUP033,SUP006,16,0.93,B级
M0271,导电布 屏蔽用 50mm宽,原材料,卷,3650,50,12,85,124.1,SUP034,SUP011,19,0.91,C级
M0272,屏蔽罩 铜镍合金 冲压,原材料,个,3650,500,9,3.2,4.83,SUP035,SUP016,17,0.92,B级
M0273,天线支架 WiFi内置,原材料,个,3650,300,8,2.8,4.06,SUP036,SUP020,10,0.96,A级
M0274,转轴 360°阻尼转轴,原材料,个,3650,100,16,45,68.85,SUP001,SUP024,7,0.98,A级
M0275,滑轨 抽屉滑轨 200mm,原材料,套,3650,80,12,18.5,25.35,SUP002,SUP008,10,0.95,B级
M0276,卡扣 快拆卡扣 PA66,原材料,个,3650,2000,6,0.35,0.54,SUP003,SUP013,5,0.99,A级
M0277,密封圈 硅胶O型圈,原材料,个,730,3000,5,0.12,0.16,SUP004,SUP018,15,0.92,C级
M0278,彩盒 笔记本包装盒 14寸,原材料,个,730,500,8,15.8,23.23,SUP005,SUP021,8,0.97,A级
M0279,说明书 用户手册 A5铜版,原材料,本,730,1000,6,2.5,3.45,SUP006,SUP025,12,0.94,B级
M0280,保修卡 三联单,原材料,张,730,2000,5,0.35,0.44,SUP007,SUP010,6,0.98,A级
M0281,合格证 产品合格证,原材料,张,730,3000,4,0.15,0.22,SUP008,SUP014,10,0.95,B级
M0282,标签纸 条码标签 50x30mm,原材料,卷,730,200,7,18.6,24.92,SUP009,SUP019,18,0.91,C级
M0283,气泡袋 150x200mm,原材料,包,730,500,5,0.85,1.31,SUP010,SUP023,14,0.93,B级
M0284,珍珠棉 EPE板材 2mm厚,原材料,张,730,100,6,8.5,12.66,SUP011,SUP027,9,0.96,A级
M0285,纸箱 五层瓦楞 400x300x200,原材料,个,730,200,5,6.8,8.77,SUP012,SUP030,11,0.94,B级
M0286,托盘 纸托盘 14寸专用,原材料,个,730,300,6,4.2,6.22,SUP013,SUP003,20,0.9,C级
M0287,缠绕膜 PE拉伸膜 50cm宽,原材料,卷,730,50,7,45,60.75,SUP014,SUP006,7,0.97,A级
M0288,焊锡膏 Sn63/Pb37 有铅,原材料,罐,0,100,5,125,190.0,SUP015,SUP022,13,0.95,B级
M0289,助焊剂 RMA型 松香基,原材料,瓶,0,200,5,35,49.35,SUP016,SUP026,8,0.98,A级
M0290,清洗剂 IPA异丙醇,原材料,瓶,0,300,4,22,29.7,SUP017,SUP005,10,0.94,B级
M0291,导热硅脂 灰色 6W/mK,原材料,支,0,500,5,8.5,12.07,SUP018,SUP011,5,0.99,A级
M0292,双面胶 PET透明 0.1mm,原材料,卷,0,150,5,12,17.64,SUP019,SUP028,16,0.92,C级
M0293,螺丝包 组合套装 M2-M4,原材料,套,0,500,5,5.8,7.42,SUP020,SUP013,12,0.93,B级
M0294,线束 内部连接线束,原材料,根,0,200,6,3.5,5.04,SUP021,SUP009,9,0.96,A级
M0295,电源线 国标三芯 1.8m,原材料,根,0,500,7,6.8,8.77,SUP022,SUP016,17,0.91,C级
M0296,数据线 USB-C to C 1m,原材料,根,0,500,7,8.5,10.96,SUP023,SUP024,11,0.94,B级
M0297,音频线 3.5mm公对公 1.5m,原材料,根,0,300,6,4.2,5.71,SUP024,SUP030,22,0.9,C级
M0298,存储芯片 SPI NOR Flash 16Mb,原材料,片,3650,1200,9,3.8,5.47,SUP025,SUP002,8,0.97,A级
M0299,电源管理IC BQ24075 充电IC,原材料,片,3650,600,10,6.5,9.42,SUP026,SUP014,10,0.95,B级
M0300,IC芯片 RTD2171 DP转HDMI,原材料,片,3650,200,18,42,52.92,SUP027,SUP020,15,0.92,C级
P0001,智能音箱 A,成品,台,730,40,6,288.59,975.96,SUP038,SUP009,15,0.93,B级
P0002,智能音箱 B,成品,台,3650,100,7,224.96,432.29,SUP023,SUP027,11,0.94,B级
P0003,智能音箱 Mini,成品,台,730,80,4,381.19,831.14,SUP025,SUP016,8,0.97,A级
P0004,智能灯泡 RGB,成品,个,365,80,3,211.87,358.83,SUP027,SUP015,15,0.92,C级
P0005,智能灯泡 暖白,成品,个,365,100,4,383.05,1248.03,SUP009,SUP012,18,0.91,C级
P0006,智能灯带 2m,成品,条,365,20,7,354.99,1159.01,SUP035,SUP002,17,0.92,B级
P0007,智能插座 基础版,成品,个,365,50,4,639.61,1393.18,SUP035,SUP036,17,0.92,B级
P0008,智能插座 电量版,成品,个,730,100,6,252.44,790.52,SUP026,SUP017,10,0.95,B级
P0009,智能插排 4位,成品,个,1095,40,5,582.13,1552.57,SUP010,SUP015,14,0.93,B级
P0010,智能网关 标准版,成品,台,365,80,1,263.31,474.71,SUP002,SUP018,10,0.95,B级
P0011,智能网关 Pro,成品,台,3650,200,7,550.34,1710.07,SUP035,SUP031,17,0.92,B级
P0012,智能网关 Mini,成品,台,365,200,6,400.4,984.83,SUP027,SUP017,15,0.92,C级
P0013,智能门锁 标准版,成品,把,3650,50,1,740.58,2082.47,SUP021,SUP009,9,0.96,A级
P0014,智能门锁 Pro,成品,把,365,100,1,782.73,1421.35,SUP038,SUP006,15,0.93,B级
P0015,智能门锁 青春版,成品,把,365,80,7,634.19,1187.6,SUP012,SUP036,11,0.94,B级
P0016,温湿度传感器,成品,个,365,80,6,524.96,1541.91,SUP003,SUP033,5,0.99,A级
P0017,人体感应器 PIR,成品,个,365,100,2,687.51,2264.72,SUP017,SUP022,10,0.94,B级
P0018,门窗传感器,成品,个,730,40,6,66.58,115.61,SUP034,SUP021,19,0.91,C级
P0019,烟雾报警器,成品,个,365,40,4,373.79,1299.92,SUP004,SUP001,15,0.92,C级
P0020,燃气报警器,成品,个,1095,50,6,79.08,207.85,SUP016,SUP031,8,0.98,A级
P0021,水浸传感器,成品,个,1095,40,2,274.59,697.65,SUP004,SUP015,15,0.92,C级
P0022,无线开关,成品,个,730,100,4,63.15,153.12,SUP033,SUP010,16,0.93,B级
P0023,情景开关 4键,成品,个,3650,200,6,771.68,1735.45,SUP026,SUP024,10,0.95,B级
P0024,旋钮开关 调光,成品,个,365,50,4,139.3,261.46,SUP015,SUP036,13,0.95,B级
P0025,空调伴侣,成品,个,730,200,2,468.52,1243.9,SUP018,SUP022,5,0.99,A级
P0026,窗帘电机,成品,台,3650,80,6,632.5,1351.95,SUP013,SUP024,20,0.9,C级
P0027,窗帘轨道 3m,成品,根,730,100,5,122.86,243.97,SUP023,SUP030,11,0.94,B级
P0028,智能摄像头 室内,成品,台,1095,20,5,701.17,1315.62,SUP030,SUP036,18,0.91,C级
P0029,智能摄像头 室外,成品,台,730,50,7,842.37,2106.87,SUP031,SUP038,12,0.94,B级
P0030,智能门铃,成品,台,365,100,3,944.83,2658.78,SUP020,SUP013,12,0.93,B级
P0031,智能温控器,成品,个,730,80,4,528.79,1512.34,SUP011,SUP027,9,0.96,A级
P0032,智能空气净化器,成品,台,1095,50,8,1234.56,3456.78,SUP010,SUP032,14,0.93,B级
P0033,智能除湿机,成品,台,730,30,6,892.45,2456.78,SUP001,SUP023,7,0.98,A级
P0034,智能扫地机器人,成品,台,365,20,5,1567.89,4234.56,SUP034,SUP027,19,0.91,C级
P0035,智能投影仪,成品,台,1095,10,7,2345.67,6543.21,SUP003,SUP012,5,0.99,A级
P0036,智能行车记录仪,成品,台,365,50,4,456.78,1234.56,SUP006,SUP020,12,0.94,B级
P0037,智能手环,成品,个,365,200,3,234.56,678.9,SUP024,SUP035,22,0.9,C级
P0038,智能手表,成品,个,365,100,5,892.34,2456.78,SUP017,SUP009,10,0.94,B级
P0039,智能耳机 TWS,成品,副,365,200,4,345.67,892.34,SUP007,SUP002,6,0.98,A级
P0040,智能充电座,成品,个,730,100,2,123.45,345.67,SUP035,SUP014,17,0.92,B级
P0041,智能台灯,成品,个,365,80,3,234.56,654.32,SUP038,SUP020,15,0.93,B级
P0042,智能加湿器,成品,台,730,50,4,345.67,923.45,SUP037,SUP003,13,0.94,B级
P0043,智能电饭煲,成品,台,1095,30,6,456.78,1234.56,SUP026,SUP025,10,0.95,B级
P0044,智能压力锅,成品,台,730,20,5,567.89,1567.89,SUP035,SUP034,17,0.92,B级
P0045,智能微波炉,成品,台,1095,15,6,678.9,1892.34,SUP011,SUP033,9,0.96,A级
P0046,智能烤箱,成品,台,730,20,5,789.01,2156.78,SUP007,SUP006,6,0.98,A级
P0047,智能洗碗机,成品,台,1095,10,7,890.12,2456.78,SUP010,SUP025,14,0.93,B级
P0048,智能洗衣机,成品,台,1095,10,8,1122.34,3056.78,SUP022,SUP036,17,0.91,C级
P0049,智能冰箱,成品,台,1095,5,10,1567.89,4234.56,SUP017,SUP020,10,0.94,B级
P0050,智能空调,成品,台,1095,5,12,2345.67,6543.21,SUP003,SUP038,5,0.99,A级
P0067,智能键盘 机械版,成品,台,1825,10,15,1343.17,1813.28,SUP013,SUP011,20,0.9,C级
P0085,智能筋膜枪,成品,台,1825,10,6,1310.61,1769.32,SUP019,SUP035,16,0.92,C级
P0061,智能投影仪 Lite,成品,台,1825,10,5,1526.49,2060.76,SUP019,SUP023,16,0.92,C级
P0090,智能除湿机,成品,台,1825,10,9,634.42,856.47,SUP009,SUP025,18,0.91,C级
P0069,智能音箱 Mini,成品,台,1825,10,8,804.84,1086.53,SUP013,SUP001,20,0.9,C级
P0062,智能体脂秤,成品,台,1825,10,8,696.26,939.95,SUP039,SUP031,12,0.94,B级
P0092,智能晾衣机,成品,台,1825,10,7,997.4,1346.49,SUP028,SUP023,14,0.93,B级
P0065,智能耳机 Pro,成品,台,1825,10,6,332.19,448.46,SUP035,SUP011,17,0.92,B级
P0072,智能空气净化器,成品,台,1825,10,15,429.64,580.01,SUP034,SUP002,19,0.91,C级
P0051,智能门锁 Pro,成品,台,1825,10,13,1057.03,1426.99,SUP012,SUP021,11,0.94,B级
P0083,智能血氧仪,成品,台,1825,10,6,1213.44,1638.14,SUP035,SUP010,17,0.92,B级
P0054,智能插座 Mini,成品,台,1825,10,14,634.13,856.08,SUP011,SUP002,9,0.96,A级
P0074,智能烤箱 家用版,成品,台,1825,10,11,682.96,922,SUP008,SUP033,10,0.95,B级
P0087,智能香薰机,成品,台,1825,10,5,309.14,417.34,SUP001,SUP024,7,0.98,A级
P0082,智能体温计,成品,台,1825,10,5,1178.85,1591.45,SUP005,SUP024,8,0.97,A级
P0052,智能摄像头 360,成品,台,1825,10,6,735.62,993.09,SUP020,SUP014,12,0.93,B级
P0060,智能净水器,成品,台,1825,10,8,1531.78,2067.9,SUP035,SUP010,17,0.92,B级
P0091,智能新风机,成品,台,1825,10,8,1297.78,1752,SUP039,SUP040,12,0.94,B级
P0055,智能灯带 RGB,成品,台,1825,10,13,1937.67,2615.85,SUP016,SUP009,8,0.98,A级
P0059,智能门铃 视频版,成品,台,1825,10,14,1390.09,1876.62,SUP007,SUP021,6,0.98,A级
P0073,智能电饭煲,成品,台,1825,10,5,1754.81,2368.99,SUP032,SUP007,20,0.9,C级
P0071,智能加湿器,成品,台,1825,10,13,495.26,668.6,SUP005,SUP025,8,0.97,A级
P0056,智能窗帘电机,成品,台,1825,10,8,1549.49,2091.81,SUP017,SUP040,10,0.94,B级
P0098,智能中控屏,成品,台,1825,10,15,1927.67,2602.35,SUP020,SUP008,12,0.93,B级
P0057,智能温控器,成品,台,1825,10,13,910.55,1229.24,SUP023,SUP031,11,0.94,B级
P0078,智能保险柜,成品,台,1825,10,11,679.73,917.64,SUP032,SUP008,20,0.9,C级
P0076,智能拖地机器人,成品,台,1825,10,8,1377.39,1859.48,SUP036,SUP034,10,0.96,A级
P0080,智能花盆 自动浇水,成品,台,1825,10,12,1447.89,1954.65,SUP016,SUP023,8,0.98,A级
P0099,智能网关 Hub,成品,台,1825,10,14,1384.14,1868.59,SUP030,SUP038,18,0.91,C级
P0075,智能扫地机器人,成品,台,1825,10,9,456.74,616.6,SUP023,SUP006,11,0.94,B级
P0058,智能烟雾报警器,成品,台,1825,10,5,517.56,698.71,SUP005,SUP006,8,0.97,A级
P0077,智能晾衣架,成品,台,1825,10,7,1185.53,1600.47,SUP032,SUP020,20,0.9,C级
P0068,智能鼠标 静音版,成品,台,1825,10,11,1018.56,1375.06,SUP017,SUP015,10,0.94,B级
P0100,智能遥控器 万能版,成品,台,1825,10,10,980.74,1324,SUP011,SUP021,9,0.96,A级
P0097,智能场景开关,成品,台,1825,10,9,2197.67,2966.85,SUP028,SUP033,14,0.93,B级
P0093,智能门磁,成品,台,1825,10,7,150.18,202.74,SUP036,SUP022,10,0.96,A级
P0064,智能手表 Sport,成品,台,1825,10,8,1376.82,1858.71,SUP021,SUP032,9,0.96,A级
P0079,智能鱼缸,成品,台,1825,10,10,1218.98,1645.62,SUP026,SUP021,10,0.95,B级
P0094,智能水浸传感器,成品,台,1825,10,6,698.4,942.84,SUP012,SUP013,11,0.94,B级
P0081,智能血压计,成品,台,1825,10,6,770.95,1040.78,SUP030,SUP015,18,0.91,C级
P0066,智能充电宝 20000mAh,成品,台,1825,10,11,316.84,427.73,SUP023,SUP027,11,0.94,B级
P0088,智能风扇 落地版,成品,台,1825,10,6,775.57,1047.02,SUP038,SUP025,15,0.93,B级
P0096,智能窗帘遥控器,成品,台,1825,10,10,119.33,161.1,SUP014,SUP010,7,0.97,A级
P0053,智能路由器 AX,成品,台,1825,10,10,465.19,628.01,SUP029,SUP037,6,0.98,A级
P0084,智能按摩仪,成品,台,1825,10,14,1811.15,2445.05,SUP009,SUP028,18,0.91,C级
P0070,智能台灯 护眼版,成品,台,1825,10,9,201.95,272.63,SUP018,SUP022,5,0.99,A级
P0063,智能手环 Fit,成品,台,1825,10,5,1763.29,2380.44,SUP008,SUP021,10,0.95,B级
P0086,智能护眼仪,成品,台,1825,10,12,698.79,943.37,SUP018,SUP029,5,0.99,A级
P0095,智能燃气报警器,成品,台,1825,10,13,185.99,251.09,SUP017,SUP010,10,0.94,B级
P0089,智能暖风机,成品,台,1825,10,6,1634.51,2206.59,SUP035,SUP018,17,0.92,B级
