物料ID,在库数量,Hold数量,Hold原因,预计解Hold日期,可用数量,库位,保质期到期日,数据日期,库存类型,安全库存下限,目标水位,库存上限,是否禁用,禁用原因
M0001,2290769,166826,待质检确认,2026/6/16 0:00,2123943,WH002,2036/5/15 0:00,2026/6/4,本地,962,1860,5185,否,
M0002,96003,5584,待质检确认,2026/6/14 0:00,90419,WH002,2036/5/15 0:00,2026/5/20,本地,839,1318,3820,否,
M0002,96003,5584,批次隔离,2026/6/17 0:00,90419,WH001,2036/5/15 0:00,2026/6/6,本地,1933,3167,7666,否,
M0002,96003,5584,质量待评审,2026/7/19 0:00,90419,WH004,2036/5/15 0:00,2026/5/27,本地,1565,2400,5677,否,
M0003,653545,56488,质量待评审,2026/6/9 0:00,597057,WH004,2036/5/15 0:00,2026/5/29,本地,1741,3261,9619,否,
M0003,653545,56488,客户退货待处理,2026/6/2 0:00,597057,WH001,2036/5/15 0:00,2026/5/22,本地,1389,2558,5933,否,
M0004,6244316,197444,批次隔离,2026/6/27 0:00,6046872,WH003,2026/11/14 0:00,2026/6/3,本地,1274,2007,5365,否,
M0005,551557,56995,待质检确认,2026/8/8 0:00,494562,WH003,2026/11/14 0:00,2026/5/22,本地,200,372,1114,否,
M0005,551557,56995,质量待评审,2026/6/27 0:00,494562,WH002,2026/11/14 0:00,2026/6/3,本地,220,370,1000,否,
M0005,551557,56995,待质检确认,2026/6/10 0:00,494562,WH004,2026/11/14 0:00,2026/6/1,本地,188,320,705,否,
M0006,34932,2827,待质检确认,2026/8/15 0:00,32105,WH001,2036/5/15 0:00,2026/5/23,本地,1175,1867,5167,否,
M0006,34932,2827,客户预留,2026/8/5 0:00,32105,WH004,2036/5/15 0:00,2026/5/30,本地,1048,2008,5732,否,
M0006,34932,2827,客户退货待处理,2026/6/20 0:00,32105,WH002,2036/5/15 0:00,2026/5/23,本地,947,1763,5079,否,
M0007,3938526,180496,待质检确认,2026/8/5 0:00,3758030,WH004,2029/5/17 0:00,2026/5/27,本地,1475,2379,6114,否,
M0008,628091,51245,过期待报废,2026/6/25 0:00,576846,WH001,2026/11/14 0:00,2026/6/1,本地,202,320,780,是,成本超标-待重新议价
M0008,628091,51245,过期待报废,2026/6/10 0:00,576846,WH004,2026/11/14 0:00,2026/6/4,本地,250,375,983,否,
M0008,628091,51245,待质检确认,2026/7/10 0:00,576846,WH002,2026/11/14 0:00,2026/5/28,本地,209,355,1051,是,环保合规审查未通过
M0009,3118368,334562,待质检确认,2026/6/2 0:00,2783806,WH001,2036/5/15 0:00,2026/5/20,本地,1475,2484,6722,否,
M0010,373590,29032,质量待评审,2026/6/2 0:00,344558,WH004,2026/11/14 0:00,2026/5/19,本地,1656,2868,7260,否,
M0010,373590,29032,客户预留,2026/8/1 0:00,344558,WH003,2026/11/14 0:00,2026/5/28,本地,1198,2184,4952,否,
M0010,373590,29032,待质检确认,2026/6/30 0:00,344558,WH001,2026/11/14 0:00,2026/5/22,本地,1255,2300,5041,否,
M0011,2399346,254223,待退货处理,2026/6/11 0:00,2145123,WH003,2036/5/15 0:00,2026/5/25,本地,985,1701,4093,否,
M0011,2399346,254223,待退货处理,2026/5/24 0:00,2145123,WH004,2036/5/15 0:00,2026/5/19,本地,545,1030,3080,是,供应商产能不足暂停供货
M0012,3132281,188413,过期待报废,2026/6/21 0:00,2943868,WH003,2036/5/15 0:00,2026/5/23,本地,998,1762,4358,否,
M0013,3583695,456712,过期待报废,2026/5/31 0:00,3126983,WH001,2028/5/17 0:00,2026/5/23,本地,1394,2630,5445,否,
M0013,3583695,456712,盘亏待确认,2026/6/8 0:00,3126983,WH002,2028/5/17 0:00,2026/5/21,本地,949,1729,5106,否,
M0013,3583695,456712,待退货处理,2026/5/26 0:00,3126983,WH003,2028/5/17 0:00,2026/5/22,本地,1303,2305,5734,否,
M0014,3021248,235062,质量待评审,2026/7/27 0:00,2786186,WH004,2029/5/17 0:00,2026/6/6,本地,1269,2277,6603,否,
M0015,825039,24017,待质检确认,2026/8/10 0:00,801022,WH004,2036/5/15 0:00,2026/6/2,本地,2225,3637,9598,否,
M0015,825039,24017,待质检确认,2026/6/26 0:00,801022,WH003,2036/5/15 0:00,2026/5/24,本地,3129,6227,16670,否,
M0016,4269216,369304,客户预留,2026/8/11 0:00,3899912,WH002,2036/5/15 0:00,2026/5/18,本地,1323,2340,5212,否,
M0017,19807571,1292423,待质检确认,2026/6/14 0:00,18515148,WH002,2026/11/14 0:00,2026/5/29,本地,6231,12096,32433,否,
M0017,19807571,1292423,客户退货待处理,2026/6/1 0:00,18515148,WH004,2026/11/14 0:00,2026/5/22,本地,6864,10463,21132,否,
M0018,5478908,329945,质量待评审,2026/6/4 0:00,5148963,WH004,2027/5/18 0:00,2026/5/22,本地,1329,2588,5418,否,
M0018,5478908,329945,客户退货待处理,2026/5/30 0:00,5148963,WH003,2027/5/18 0:00,2026/5/23,本地,1517,2899,7443,否,
M0018,5478908,329945,质量待评审,2026/5/27 0:00,5148963,WH002,2027/5/18 0:00,2026/5/18,本地,1266,2091,4315,否,
M0019,5600479,406670,待质检确认,2026/6/2 0:00,5193809,WH001,2027/5/18 0:00,2026/5/27,本地,2072,4048,11843,否,
M0019,5600479,406670,过期待报废,2026/6/6 0:00,5193809,WH003,2027/5/18 0:00,2026/6/1,本地,1646,2975,7108,否,
M0020,5308714,355439,供应商质量异常,2026/6/29 0:00,4953275,WH003,2036/5/15 0:00,2026/6/7,本地,1737,2605,7327,否,
M0021,57524543,6512339,质量待评审,2026/5/31 0:00,51012204,WH002,2027/5/18 0:00,2026/5/20,本地,15581,29200,86971,否,
M0021,57524543,6512339,客户预留,2026/8/24 0:00,51012204,WH004,2027/5/18 0:00,2026/5/22,本地,15425,25614,59453,否,
M0022,17734531,1733264,质量待评审,2026/7/26 0:00,16001267,WH002,2027/5/18 0:00,2026/6/7,本地,4090,7135,19518,否,
M0022,17734531,1733264,待质检确认,2026/6/16 0:00,16001267,WH003,2027/5/18 0:00,2026/5/23,本地,5222,9868,29180,否,
M0022,17734531,1733264,客户预留,2026/8/5 0:00,16001267,WH004,2027/5/18 0:00,2026/6/1,本地,4652,8054,22952,否,
M0023,8354848,850593,质量待评审,2026/6/20 0:00,7504255,WH003,2027/5/18 0:00,2026/5/23,本地,3134,5014,13059,否,
M0023,8354848,850593,待退货处理,2026/6/5 0:00,7504255,WH004,2027/5/18 0:00,2026/5/18,本地,2947,4659,13284,是,环保合规审查未通过
M0023,8354848,850593,待退货处理,2026/5/29 0:00,7504255,WH002,2027/5/18 0:00,2026/5/18,本地,2820,5610,16476,否,
M0024,12358257,1247715,质量待评审,2026/7/30 0:00,11110542,WH004,2029/5/17 0:00,2026/5/19,本地,4606,9184,19448,否,
M0024,12358257,1247715,客户预留,2026/7/19 0:00,11110542,WH002,2029/5/17 0:00,2026/6/5,本地,6227,10298,26699,否,
M0025,4095134,85141,待质检确认,2026/7/2 0:00,4009993,WH002,2036/5/15 0:00,2026/6/5,本地,1888,3223,6761,否,
M0025,4095134,85141,客户预留,2026/7/27 0:00,4009993,WH003,2036/5/15 0:00,2026/5/18,本地,1419,2559,6103,否,
M0025,4095134,85141,质量待评审,2026/6/14 0:00,4009993,WH001,2036/5/15 0:00,2026/6/7,本地,1247,2477,6250,否,
M0026,4151513,492682,批次隔离,2026/6/9 0:00,3658831,WH004,2036/5/15 0:00,2026/6/3,本地,738,1128,2573,否,
M0027,3634494,171090,客户退货待处理,2026/6/11 0:00,3463404,WH003,2036/5/15 0:00,2026/5/28,本地,1012,1975,4499,否,
M0027,3634494,171090,供应商质量异常,2026/6/19 0:00,3463404,WH002,2036/5/15 0:00,2026/5/20,本地,1053,1928,5412,否,
M0027,3634494,171090,待质检确认,2026/7/7 0:00,3463404,WH004,2036/5/15 0:00,2026/6/3,本地,979,1893,5190,否,
M0028,4577859,416026,批次隔离,2026/5/24 0:00,4161833,WH003,2036/5/15 0:00,2026/5/20,本地,1349,2685,6990,否,
M0029,9225081,733405,供应商质量异常,2026/6/19 0:00,8491676,WH003,2028/5/17 0:00,2026/6/1,本地,2770,5096,11055,否,
M0030,2870612,169491,待质检确认,2026/6/8 0:00,2701121,WH003,2036/5/15 0:00,2026/5/29,本地,4924,9432,20712,否,
M0030,2870612,169491,待质检确认,2026/8/24 0:00,2701121,WH004,2036/5/15 0:00,2026/5/22,本地,5869,9103,22348,否,
M0030,2870612,169491,批次隔离,2026/6/19 0:00,2701121,WH001,2036/5/15 0:00,2026/6/7,本地,5544,9374,27294,否,
M0031,23458025,689867,过期待报废,2026/6/24 0:00,22768158,WH002,2026/11/14 0:00,2026/6/7,本地,6486,9740,23224,否,
M0032,1194413,103914,供应商质量异常,2026/6/11 0:00,1090499,WH003,2027/5/18 0:00,2026/6/7,本地,3545,5592,16536,否,
M0032,1194413,103914,盘亏待确认,2026/6/17 0:00,1090499,WH004,2027/5/18 0:00,2026/5/24,本地,3320,5826,16181,否,
M0032,1194413,103914,客户预留,2026/8/18 0:00,1090499,WH001,2027/5/18 0:00,2026/6/1,本地,4070,8040,16548,是,环保合规审查未通过
M0033,10693492,925310,过期待报废,2026/6/6 0:00,9768182,WH001,2036/5/15 0:00,2026/5/31,本地,2399,4260,12109,否,
M0033,10693492,925310,客户预留,2026/7/26 0:00,9768182,WH004,2036/5/15 0:00,2026/5/31,本地,3117,4761,13388,否,
M0034,10782093,1400433,待质检确认,2026/6/30 0:00,9381660,WH003,2027/5/18 0:00,2026/6/5,本地,1800,3162,6679,否,
M0034,10782093,1400433,客户退货待处理,2026/6/4 0:00,9381660,WH001,2027/5/18 0:00,2026/6/1,本地,1745,3266,7272,否,
M0034,10782093,1400433,待质检确认,2026/8/7 0:00,9381660,WH002,2027/5/18 0:00,2026/5/30,本地,2210,3853,9402,否,
M0035,16134900,1287000,客户退货待处理,2026/6/15 0:00,14847900,WH002,2028/5/17 0:00,2026/5/21,本地,7055,13318,27581,否,
M0035,16134900,1287000,供应商质量异常,2026/7/1 0:00,14847900,WH003,2028/5/17 0:00,2026/6/5,本地,6340,12092,32779,否,
M0035,16134900,1287000,客户退货待处理,2026/6/7 0:00,14847900,WH001,2028/5/17 0:00,2026/6/1,本地,4454,7231,15025,否,
M0036,7454299,398122,过期待报废,2026/6/1 0:00,7056177,WH001,2027/5/18 0:00,2026/5/26,本地,2093,3808,7824,否,
M0037,16036296,870405,待质检确认,2026/6/17 0:00,15165891,WH001,2028/5/17 0:00,2026/5/22,本地,4856,7975,19597,否,
M0037,16036296,870405,待退货处理,2026/5/28 0:00,15165891,WH003,2028/5/17 0:00,2026/5/19,本地,8202,12543,36977,否,
M0037,16036296,870405,待质检确认,2026/7/25 0:00,15165891,WH004,2028/5/17 0:00,2026/5/25,本地,6278,11168,33167,否,
M0038,923799,91211,质量待评审,2026/6/4 0:00,832588,WH001,2036/5/15 0:00,2026/5/26,本地,1840,3316,6724,否,
M0038,923799,91211,供应商质量异常,2026/6/9 0:00,832588,WH003,2036/5/15 0:00,2026/6/6,本地,3746,7487,20710,否,
M0038,923799,91211,批次隔离,2026/6/12 0:00,832588,WH004,2036/5/15 0:00,2026/5/25,本地,2265,4238,11633,否,
M0039,1264437,114455,待质检确认,2026/7/21 0:00,1149982,WH001,2027/5/18 0:00,2026/6/5,本地,5268,9210,22805,否,
M0039,1264437,114455,质量待评审,2026/7/14 0:00,1149982,WH004,2027/5/18 0:00,2026/6/6,本地,5983,10058,28124,是,供应商产能不足暂停供货
M0039,1264437,114455,质量待评审,2026/8/14 0:00,1149982,WH002,2027/5/18 0:00,2026/6/1,本地,7467,12258,28240,否,
M0040,13130810,839705,待退货处理,2026/5/27 0:00,12291105,WH001,2036/5/15 0:00,2026/5/21,本地,5910,9195,24186,否,
M0040,13130810,839705,过期待报废,2026/6/27 0:00,12291105,WH002,2036/5/15 0:00,2026/5/28,本地,4972,7894,21463,否,
M0040,13130810,839705,客户预留,2026/6/2 0:00,12291105,WH004,2036/5/15 0:00,2026/5/31,本地,6806,13283,29502,否,
M0041,12188876,1132197,过期待报废,2026/6/29 0:00,11056679,WH001,2027/5/18 0:00,2026/6/6,本地,3385,6182,12784,否,
M0041,12188876,1132197,客户退货待处理,2026/6/23 0:00,11056679,WH002,2027/5/18 0:00,2026/6/1,本地,4233,6366,18170,否,
M0041,12188876,1132197,质量待评审,2026/6/4 0:00,11056679,WH004,2027/5/18 0:00,2026/5/27,本地,3533,5330,13217,否,
M0042,6590444,424789,供应商质量异常,2026/6/19 0:00,6165655,WH001,2036/5/15 0:00,2026/5/28,本地,2039,3877,7950,否,
M0043,9776903,896578,客户退货待处理,2026/6/26 0:00,8880325,WH003,2028/5/17 0:00,2026/6/2,本地,4251,7757,22171,否,
M0044,15847348,999520,过期待报废,2026/6/14 0:00,14847828,WH001,2029/5/17 0:00,2026/5/24,本地,7573,14213,28854,否,
M0045,7957036,891227,待质检确认,2026/6/18 0:00,7065809,WH002,2027/5/18 0:00,2026/5/21,本地,2679,5050,14985,否,
M0045,7957036,891227,盘亏待确认,2026/6/21 0:00,7065809,WH004,2027/5/18 0:00,2026/6/4,本地,4689,7213,19567,否,
M0046,6036068,823012,质量待评审,2026/6/14 0:00,5213056,WH004,2029/5/17 0:00,2026/5/21,本地,1874,3614,8073,否,
M0047,9337323,1027466,待质检确认,2026/7/23 0:00,8309857,WH001,2029/5/17 0:00,2026/5/29,本地,3259,5755,12298,否,
M0047,9337323,1027466,过期待报废,2026/6/18 0:00,8309857,WH004,2029/5/17 0:00,2026/5/19,本地,3246,5807,14865,否,
M0047,9337323,1027466,待质检确认,2026/6/16 0:00,8309857,WH002,2029/5/17 0:00,2026/5/23,本地,2269,4333,10443,否,
M0048,7108485,535430,待质检确认,2026/7/11 0:00,6573055,WH004,2036/5/15 0:00,2026/6/2,本地,2713,4790,12407,否,
M0049,215,8,过期待报废,2026/6/11 0:00,207,WH001,2029/5/17 0:00,2026/5/18,本地,63,110,288,否,
M0049,211,9,盘亏待确认,2026/6/17 0:00,202,WH004,2029/5/17 0:00,2026/6/6,本地,32,58,136,否,
M0050,11172570,686500,待质检确认,2026/8/11 0:00,10486070,WH003,2028/5/17 0:00,2026/5/26,本地,3482,5772,15766,否,
M0051,37334655,2268486,客户退货待处理,2026/7/5 0:00,35066169,WH001,2026/11/14 0:00,2026/6/5,本地,12038,21676,56308,否,
M0051,37334655,2268486,质量待评审,2026/6/30 0:00,35066169,WH003,2026/11/14 0:00,2026/5/23,本地,9366,15068,34745,否,
M0052,19648708,1810722,待质检确认,2026/6/25 0:00,17837986,WH002,2028/5/17 0:00,2026/6/5,本地,6796,11357,33815,是,技术规格变更过渡期
M0052,19648708,1810722,批次隔离,2026/6/24 0:00,17837986,WH001,2028/5/17 0:00,2026/6/2,本地,7060,11845,34969,否,
M0052,19648708,1810722,供应商质量异常,2026/6/10 0:00,17837986,WH003,2028/5/17 0:00,2026/6/3,本地,5305,9342,19522,否,
M0053,11543685,1039068,盘亏待确认,2026/6/8 0:00,10504617,WH001,2036/5/15 0:00,2026/6/4,本地,3069,5397,15290,否,
M0053,11543685,1039068,供应商质量异常,2026/6/7 0:00,10504617,WH002,2036/5/15 0:00,2026/6/1,本地,3315,5915,14193,否,
M0053,11543685,1039068,客户预留,2026/8/16 0:00,10504617,WH003,2036/5/15 0:00,2026/5/24,本地,2468,4545,11120,否,
M0054,7304407,834514,待退货处理,2026/5/29 0:00,6469893,WH003,2026/11/14 0:00,2026/5/18,本地,2708,5247,11875,否,
M0054,7304407,834514,待退货处理,2026/6/17 0:00,6469893,WH001,2026/11/14 0:00,2026/5/18,本地,3397,5720,12759,否,
M0054,7304407,834514,供应商质量异常,2026/6/28 0:00,6469893,WH002,2026/11/14 0:00,2026/6/3,本地,2082,3470,9576,否,
M0055,2642003,227944,客户退货待处理,2026/6/9 0:00,2414059,WH004,2036/5/15 0:00,2026/6/4,本地,545,841,2010,否,
M0055,2642003,227944,质量待评审,2026/6/5 0:00,2414059,WH002,2036/5/15 0:00,2026/6/5,本地,825,1595,4202,否,
M0055,2642003,227944,待质检确认,2026/6/21 0:00,2414059,WH001,2036/5/15 0:00,2026/6/4,本地,700,1290,3405,否,
M0056,10633106,918331,供应商质量异常,2026/6/13 0:00,9714775,WH002,2026/11/14 0:00,2026/5/30,本地,5715,9822,28653,否,
M0056,10633106,918331,待质检确认,2026/6/6 0:00,9714775,WH004,2026/11/14 0:00,2026/5/29,本地,3145,4864,11063,否,
M0056,10633106,918331,待质检确认,2026/7/29 0:00,9714775,WH003,2026/11/14 0:00,2026/6/2,本地,5609,10171,26258,否,
M0057,7554264,761435,待质检确认,2026/5/29 0:00,6792829,WH001,2026/11/14 0:00,2026/5/25,本地,1885,3046,7082,否,
M0058,13913886,1221976,待退货处理,2026/6/10 0:00,12691910,WH004,2036/5/15 0:00,2026/6/3,本地,4290,7034,15855,否,
M0058,13913886,1221976,供应商质量异常,2026/6/14 0:00,12691910,WH003,2036/5/15 0:00,2026/6/4,本地,3177,5464,12053,否,
M0058,13913886,1221976,盘亏待确认,2026/7/3 0:00,12691910,WH002,2036/5/15 0:00,2026/6/7,本地,5002,7741,19159,否,
M0059,1153760,73737,待质检确认,2026/6/23 0:00,1080023,WH002,2028/5/17 0:00,2026/6/1,本地,3570,6771,14035,否,
M0060,83560,9822,质量待评审,2026/8/29 0:00,73738,WH004,2036/5/15 0:00,2026/5/24,本地,3062,4926,11628,是,长期合作终止-寻找替代料
M0061,164131,8658,客户预留,2026/8/17 0:00,155473,WH003,2027/5/18 0:00,2026/5/30,本地,1874,3642,10446,否,
M0062,9226260,851785,批次隔离,2026/6/26 0:00,8374475,WH004,2036/5/15 0:00,2026/6/4,本地,2795,4502,13096,否,
M0062,9226260,851785,过期待报废,2026/6/8 0:00,8374475,WH002,2036/5/15 0:00,2026/5/21,本地,3997,6442,16859,否,
M0062,9226260,851785,批次隔离,2026/6/20 0:00,8374475,WH001,2036/5/15 0:00,2026/6/6,本地,2124,3742,10204,否,
M0063,14348124,1628015,客户退货待处理,2026/6/13 0:00,12720109,WH002,2028/5/17 0:00,2026/6/7,本地,4931,7460,20869,否,
M0064,12248681,541979,客户退货待处理,2026/6/9 0:00,11706702,WH001,2029/5/17 0:00,2026/5/21,本地,7253,14424,37729,否,
M0065,78151427,4604846,待质检确认,2026/6/18 0:00,73546581,WH004,2029/5/17 0:00,2026/6/2,本地,15132,26017,75831,否,
M0065,78151427,4604846,质量待评审,2026/6/2 0:00,73546581,WH003,2029/5/17 0:00,2026/5/18,本地,13849,23250,69685,否,
M0065,78151427,4604846,待质检确认,2026/8/7 0:00,73546581,WH001,2029/5/17 0:00,2026/5/21,本地,14075,25961,55369,否,
M0066,16965,173,质量待评审,2026/7/2 0:00,16792,WH001,2036/5/15 0:00,2026/6/4,本地,3060,5826,15072,否,
M0066,18008,394,过期待报废,2026/6/6 0:00,17614,WH004,2036/5/15 0:00,2026/5/29,本地,4535,8766,22921,否,
M0067,166,7,质量待评审,2026/6/20 0:00,159,WH001,2029/5/17 0:00,2026/5/31,本地,41,62,156,否,
M0067,90,0,质量待评审,2026/6/9 0:00,90,WH004,2029/5/17 0:00,2026/5/23,本地,26,42,123,否,
M0068,86,1,客户退货待处理,2026/6/12 0:00,85,WH004,2026/11/14 0:00,2026/5/31,本地,21,37,104,否,
M0068,110,2,客户预留,2026/8/27 0:00,108,WH003,2026/11/14 0:00,2026/6/1,本地,30,53,121,否,
M0068,174,1,待质检确认,2026/6/15 0:00,173,WH001,2026/11/14 0:00,2026/6/5,本地,31,55,113,否,
M0069,162,2,客户退货待处理,2026/6/15 0:00,160,WH004,2027/5/18 0:00,2026/5/24,本地,29,52,109,否,
M0069,142,5,质量待评审,2026/8/10 0:00,137,WH002,2027/5/18 0:00,2026/5/24,本地,32,59,147,否,
M0070,5027423,364597,质量待评审,2026/6/5 0:00,4662826,WH001,2027/5/18 0:00,2026/5/24,本地,3051,4790,11742,否,
M0070,5027423,364597,客户退货待处理,2026/6/21 0:00,4662826,WH003,2027/5/18 0:00,2026/5/22,本地,2228,3473,8586,否,
M0070,5027423,364597,客户预留,2026/8/27 0:00,4662826,WH002,2027/5/18 0:00,2026/5/25,本地,1904,3655,10738,否,
M0071,12047582,1639530,待质检确认,2026/6/13 0:00,10408052,WH001,2027/5/18 0:00,2026/5/18,本地,3622,6445,15736,否,
M0072,6442,205,客户预留,2026/6/29 0:00,6237,WH003,2036/5/15 0:00,2026/6/7,本地,1164,1783,4868,否,
M0072,5705,58,过期待报废,2026/5/27 0:00,5647,WH004,2036/5/15 0:00,2026/5/18,本地,1171,2236,6044,否,
M0073,704044,31129,待质检确认,2026/6/30 0:00,672915,WH001,2029/5/17 0:00,2026/5/26,本地,2191,3910,9407,否,
M0073,704044,31129,批次隔离,2026/6/5 0:00,672915,WH003,2029/5/17 0:00,2026/5/23,本地,3763,5828,12541,否,
M0074,941457,55801,供应商质量异常,2026/5/26 0:00,885656,WH003,2036/5/15 0:00,2026/5/21,本地,390,638,1793,是,成本超标-待重新议价
M0075,39188,826,待质检确认,2026/6/10 0:00,38362,WH001,2036/5/15 0:00,2026/6/5,本地,2825,4725,13814,否,
M0075,39188,826,待质检确认,2026/8/9 0:00,38362,WH002,2036/5/15 0:00,2026/5/31,本地,2602,4153,11596,否,
M0076,7573209,184063,过期待报废,2026/6/5 0:00,7389146,WH002,2026/11/14 0:00,2026/5/26,本地,2275,3849,7791,否,
M0076,7573209,184063,待质检确认,2026/8/16 0:00,7389146,WH004,2026/11/14 0:00,2026/6/3,本地,2901,5740,14826,否,
M0077,11996541,763189,客户退货待处理,2026/6/2 0:00,11233352,WH001,2036/5/15 0:00,2026/5/19,本地,4816,8130,22373,否,
M0078,3613730,212231,质量待评审,2026/7/31 0:00,3401499,WH004,2026/11/14 0:00,2026/5/26,本地,1048,1878,5488,否,
M0079,8821115,1062522,客户预留,2026/7/27 0:00,7758593,WH004,2027/5/18 0:00,2026/5/30,本地,4007,7543,22171,否,
M0079,8821115,1062522,过期待报废,2026/6/7 0:00,7758593,WH001,2027/5/18 0:00,2026/5/27,本地,1884,2901,7059,否,
M0080,2961501,344067,待质检确认,2026/8/5 0:00,2617434,WH004,2026/11/14 0:00,2026/5/19,本地,989,1625,3564,否,
M0080,2961501,344067,待质检确认,2026/7/16 0:00,2617434,WH002,2026/11/14 0:00,2026/5/19,本地,1113,1948,5450,否,
M0080,2961501,344067,待质检确认,2026/8/29 0:00,2617434,WH001,2026/11/14 0:00,2026/6/3,本地,705,1070,2179,否,
M0081,1608103,126297,待质检确认,2026/6/14 0:00,1481806,WH004,2027/5/18 0:00,2026/6/6,本地,1279,2168,4541,否,
M0081,1608103,126297,待退货处理,2026/5/26 0:00,1481806,WH003,2027/5/18 0:00,2026/5/22,本地,1433,2454,6639,否,
M0082,8840894,1025439,客户退货待处理,2026/6/21 0:00,7815455,WH001,2028/5/17 0:00,2026/6/2,本地,3290,5460,12459,否,
M0083,313422,30252,客户预留,2026/8/4 0:00,283170,WH002,2027/5/18 0:00,2026/5/20,本地,135,256,673,否,
M0083,313422,30252,质量待评审,2026/7/27 0:00,283170,WH003,2027/5/18 0:00,2026/5/21,本地,178,302,696,否,
M0084,328407,35144,质量待评审,2026/6/16 0:00,293263,WH002,2027/5/18 0:00,2026/6/2,本地,101,186,472,否,
M0084,328407,35144,待退货处理,2026/7/3 0:00,293263,WH004,2027/5/18 0:00,2026/6/7,本地,97,174,356,否,
M0084,328407,35144,过期待报废,2026/6/6 0:00,293263,WH003,2027/5/18 0:00,2026/5/20,本地,121,197,511,否,
M0085,1337778,121568,盘亏待确认,2026/6/22 0:00,1216210,WH004,2036/5/15 0:00,2026/5/26,本地,294,495,1469,否,
M0085,1337778,121568,质量待评审,2026/6/9 0:00,1216210,WH003,2036/5/15 0:00,2026/5/28,本地,376,641,1426,否,
M0086,211,3,待质检确认,2026/6/16 0:00,208,WH004,2036/5/15 0:00,2026/5/26,本地,51,84,245,否,
M0086,164,3,客户退货待处理,2026/6/17 0:00,161,WH003,2036/5/15 0:00,2026/6/1,本地,45,81,212,否,
M0087,4083291,171703,批次隔离,2026/6/8 0:00,3911588,WH003,2036/5/15 0:00,2026/5/20,本地,1499,2516,5111,否,
M0087,4083291,171703,待退货处理,2026/6/6 0:00,3911588,WH001,2036/5/15 0:00,2026/5/30,本地,1772,3038,8489,否,
M0087,4083291,171703,批次隔离,2026/6/5 0:00,3911588,WH002,2036/5/15 0:00,2026/6/1,本地,1184,2278,5032,否,
M0088,6636109,399521,客户退货待处理,2026/5/30 0:00,6236588,WH001,2029/5/17 0:00,2026/5/25,本地,1255,2223,4845,否,
M0088,6636109,399521,过期待报废,2026/6/17 0:00,6236588,WH002,2029/5/17 0:00,2026/6/6,本地,1156,2086,4854,否,
M0088,6636109,399521,待退货处理,2026/6/25 0:00,6236588,WH004,2029/5/17 0:00,2026/6/2,本地,1408,2759,7147,否,
M0089,4140752,327729,过期待报废,2026/6/4 0:00,3813023,WH001,2026/11/14 0:00,2026/5/23,本地,1602,2964,8282,否,
M0089,4140752,327729,质量待评审,2026/6/2 0:00,3813023,WH004,2026/11/14 0:00,2026/5/19,本地,1002,1636,3390,否,
M0089,4140752,327729,待退货处理,2026/6/8 0:00,3813023,WH003,2026/11/14 0:00,2026/5/25,本地,1418,2647,5680,否,
M0090,6739931,560573,质量待评审,2026/6/11 0:00,6179358,WH003,2026/11/14 0:00,2026/5/25,本地,1460,2441,6375,否,
M0090,6739931,560573,客户退货待处理,2026/6/26 0:00,6179358,WH001,2026/11/14 0:00,2026/6/7,本地,1485,2649,6515,否,
M0091,178,5,客户退货待处理,2026/6/14 0:00,173,WH002,2029/5/17 0:00,2026/6/6,本地,32,58,170,否,
M0091,123,0,待质检确认,2026/6/19 0:00,123,WH001,2029/5/17 0:00,2026/5/25,本地,35,55,151,否,
M0091,166,2,质量待评审,2026/8/26 0:00,164,WH003,2029/5/17 0:00,2026/5/19,本地,42,66,187,否,
M0092,116,4,待退货处理,2026/6/12 0:00,112,WH002,2029/5/17 0:00,2026/5/23,本地,17,26,57,否,
M0093,6411325,519875,供应商质量异常,2026/6/4 0:00,5891450,WH002,2036/5/15 0:00,2026/5/22,本地,2737,4163,12106,否,
M0094,5267597,617919,待质检确认,2026/6/21 0:00,4649678,WH003,2027/5/18 0:00,2026/6/3,本地,1869,3020,7903,否,
M0095,8520152,1012600,过期待报废,2026/6/10 0:00,7507552,WH001,2027/5/18 0:00,2026/6/3,本地,1968,2987,8365,否,
M0095,8520152,1012600,客户预留,2026/7/27 0:00,7507552,WH004,2027/5/18 0:00,2026/6/6,本地,3004,5745,15165,否,
M0096,2645693,223306,供应商质量异常,2026/6/19 0:00,2422387,WH002,2028/5/17 0:00,2026/6/1,本地,839,1478,4099,否,
M0097,8106181,412291,供应商质量异常,2026/6/20 0:00,7693890,WH001,2028/5/17 0:00,2026/5/23,本地,3240,6304,16396,否,
M0097,8106181,412291,批次隔离,2026/6/26 0:00,7693890,WH002,2028/5/17 0:00,2026/5/31,本地,3237,6434,18894,否,
M0098,71,0,客户退货待处理,2026/6/25 0:00,71,WH002,2027/5/18 0:00,2026/5/28,本地,18,35,70,否,
M0098,132,3,待质检确认,2026/7/9 0:00,129,WH004,2027/5/18 0:00,2026/5/28,本地,22,37,91,否,
M0098,165,4,客户预留,2026/6/25 0:00,161,WH001,2027/5/18 0:00,2026/5/30,本地,46,90,244,是,技术规格变更过渡期
M0099,12394322,581534,质量待评审,2026/8/23 0:00,11812788,WH003,2028/5/17 0:00,2026/5/18,本地,3187,5391,15775,否,
M0099,12394322,581534,待质检确认,2026/7/2 0:00,11812788,WH004,2028/5/17 0:00,2026/6/6,本地,2966,5503,15849,否,
M0099,12394322,581534,待退货处理,2026/6/8 0:00,11812788,WH001,2028/5/17 0:00,2026/6/3,本地,4779,9320,23149,否,
M0100,3851330,217315,过期待报废,2026/6/15 0:00,3634015,WH002,2036/5/15 0:00,2026/5/28,本地,1324,2213,4873,否,
M0101,7578477,646396,待退货处理,2026/6/3 0:00,6932081,WH003,2036/5/15 0:00,2026/5/28,本地,3081,6130,13464,否,
M0101,7578477,646396,过期待报废,2026/6/9 0:00,6932081,WH002,2036/5/15 0:00,2026/5/22,本地,3161,4789,14052,否,
M0102,4534890,213735,质量待评审,2026/7/19 0:00,4321155,WH004,2036/5/15 0:00,2026/5/23,本地,1984,3578,8551,否,
M0103,4526721,474489,质量待评审,2026/5/29 0:00,4052232,WH001,2027/5/18 0:00,2026/5/24,本地,1520,2527,6321,否,
M0104,7273816,1042340,过期待报废,2026/6/7 0:00,6231476,WH002,2036/5/15 0:00,2026/5/26,本地,1520,2787,8316,否,
M0104,7273816,1042340,客户预留,2026/6/9 0:00,6231476,WH003,2036/5/15 0:00,2026/5/29,本地,3390,5139,13914,否,
M0104,7273816,1042340,盘亏待确认,2026/6/14 0:00,6231476,WH004,2036/5/15 0:00,2026/6/3,本地,2467,4145,11075,否,
M0105,2538029,243283,客户预留,2026/8/29 0:00,2294746,WH001,2026/11/14 0:00,2026/6/4,本地,833,1611,3979,否,
M0105,2538029,243283,客户预留,2026/8/19 0:00,2294746,WH003,2026/11/14 0:00,2026/5/28,本地,842,1555,4017,否,
M0105,2538029,243283,质量待评审,2026/6/19 0:00,2294746,WH002,2026/11/14 0:00,2026/5/18,本地,980,1498,3204,否,
M0106,1414009,160936,过期待报废,2026/6/25 0:00,1253073,WH002,2036/5/15 0:00,2026/5/31,本地,4282,7498,20958,否,
M0106,1414009,160936,客户预留,2026/6/2 0:00,1253073,WH003,2036/5/15 0:00,2026/5/28,本地,2590,4149,10084,否,
M0106,1414009,160936,质量待评审,2026/8/22 0:00,1253073,WH004,2036/5/15 0:00,2026/5/18,本地,3423,5682,16827,否,
M0107,707052,91112,质量待评审,2026/6/1 0:00,615940,WH002,2027/5/18 0:00,2026/5/24,本地,1019,1663,4052,否,
M0107,707052,91112,质量待评审,2026/8/12 0:00,615940,WH003,2027/5/18 0:00,2026/5/19,本地,1153,2023,4222,否,
M0107,707052,91112,客户预留,2026/6/23 0:00,615940,WH001,2027/5/18 0:00,2026/5/21,本地,713,1191,2520,否,
M0108,7419526,754245,批次隔离,2026/6/11 0:00,6665281,WH002,2027/5/18 0:00,2026/6/3,本地,2159,3258,7963,否,
M0109,3514292,236300,客户预留,2026/8/15 0:00,3277992,WH003,2036/5/15 0:00,2026/5/23,本地,1361,2263,6182,否,
M0110,200,6,盘亏待确认,2026/6/21 0:00,194,WH003,2027/5/18 0:00,2026/5/30,本地,41,64,169,否,
M0110,174,4,盘亏待确认,2026/6/11 0:00,170,WH002,2027/5/18 0:00,2026/6/6,本地,43,84,214,否,
M0111,6239899,669302,待质检确认,2026/8/15 0:00,5570597,WH003,2029/5/17 0:00,2026/5/20,本地,49,96,220,否,
M0111,6239899,669302,质量待评审,2026/6/8 0:00,5570597,WH002,2029/5/17 0:00,2026/5/29,本地,58,93,222,否,
M0112,5697204,303111,过期待报废,2026/6/23 0:00,5394093,WH002,2026/11/14 0:00,2026/6/3,本地,1107,1671,3513,否,
M0112,5697204,303111,客户预留,2026/7/23 0:00,5394093,WH001,2026/11/14 0:00,2026/5/24,本地,1544,2683,7229,否,
M0112,5697204,303111,待质检确认,2026/7/22 0:00,5394093,WH003,2026/11/14 0:00,2026/5/30,本地,1346,2596,6153,否,
M0113,162,2,待质检确认,2026/6/21 0:00,160,WH003,2029/5/17 0:00,2026/5/23,本地,47,72,199,否,
M0114,146945,21841,质量待评审,2026/6/7 0:00,125104,WH001,2028/5/17 0:00,2026/5/20,本地,249,447,1118,否,
M0115,3871667,223505,批次隔离,2026/6/26 0:00,3648162,WH001,2027/5/18 0:00,2026/6/1,本地,1589,3009,7277,否,
M0115,3871667,223505,质量待评审,2026/7/6 0:00,3648162,WH003,2027/5/18 0:00,2026/5/21,本地,1097,2100,5612,否,
M0116,4219,158,待质检确认,2026/6/24 0:00,4061,WH002,2027/5/18 0:00,2026/5/24,本地,987,1558,3943,是,技术规格变更过渡期
M0116,5119,63,客户退货待处理,2026/5/31 0:00,5056,WH004,2027/5/18 0:00,2026/5/20,本地,1325,2353,5140,否,
M0116,4554,143,待质检确认,2026/6/15 0:00,4411,WH001,2027/5/18 0:00,2026/5/21,本地,1227,1954,4784,否,
M0117,10893604,424161,质量待评审,2026/6/10 0:00,10469443,WH003,2036/5/15 0:00,2026/5/21,本地,4302,7796,21837,否,
M0118,131,4,盘亏待确认,2026/6/16 0:00,127,WH001,2028/5/17 0:00,2026/6/5,本地,35,66,137,否,
M0118,155,4,客户预留,2026/8/24 0:00,151,WH003,2028/5/17 0:00,2026/6/7,本地,26,50,118,否,
M0119,195,7,客户预留,2026/8/2 0:00,188,WH001,2028/5/17 0:00,2026/5/30,本地,55,102,263,否,
M0119,126,0,盘亏待确认,2026/6/9 0:00,126,WH003,2028/5/17 0:00,2026/6/3,本地,26,47,110,否,
M0119,122,4,待质检确认,2026/5/30 0:00,118,WH002,2028/5/17 0:00,2026/5/23,本地,30,47,124,否,
M0120,420596,15765,质量待评审,2026/8/22 0:00,404831,WH001,2026/11/14 0:00,2026/5/27,本地,1332,2427,6445,否,
M0120,420596,15765,盘亏待确认,2026/6/27 0:00,404831,WH003,2026/11/14 0:00,2026/6/7,本地,1267,2232,6153,否,
M0121,5612298,468803,批次隔离,2026/6/23 0:00,5143495,WH003,2027/5/18 0:00,2026/5/27,本地,2485,4243,9133,否,
M0122,8409899,353258,盘亏待确认,2026/6/16 0:00,8056641,WH001,2036/5/15 0:00,2026/5/25,本地,1782,2875,6527,否,
M0122,8409899,353258,质量待评审,2026/6/3 0:00,8056641,WH002,2036/5/15 0:00,2026/5/30,本地,2416,4222,10904,否,
M0123,7642352,903117,质量待评审,2026/6/15 0:00,6739235,WH002,2026/11/14 0:00,2026/5/27,本地,2168,3578,7685,否,
M0123,7642352,903117,过期待报废,2026/6/2 0:00,6739235,WH004,2026/11/14 0:00,2026/5/19,本地,1440,2777,7109,是,成本超标-待重新议价
M0123,7642352,903117,质量待评审,2026/6/8 0:00,6739235,WH003,2026/11/14 0:00,2026/6/5,本地,1618,2802,5763,否,
M0124,258352,12078,过期待报废,2026/6/2 0:00,246274,WH004,2036/5/15 0:00,2026/5/24,本地,1364,2671,6823,否,
M0124,258352,12078,待退货处理,2026/6/12 0:00,246274,WH003,2036/5/15 0:00,2026/6/7,本地,1525,2595,5909,否,
M0124,258352,12078,待退货处理,2026/6/25 0:00,246274,WH001,2036/5/15 0:00,2026/6/3,本地,794,1311,3868,否,
M0125,90,1,供应商质量异常,2026/6/22 0:00,89,WH002,2027/5/18 0:00,2026/6/7,本地,22,42,106,否,
M0125,78,1,供应商质量异常,2026/6/5 0:00,77,WH004,2027/5/18 0:00,2026/5/29,本地,22,35,72,否,
M0126,5092585,390520,客户退货待处理,2026/6/14 0:00,4702065,WH003,2029/5/17 0:00,2026/5/25,本地,1316,2326,6696,否,
M0126,5092585,390520,待质检确认,2026/5/23 0:00,4702065,WH004,2029/5/17 0:00,2026/5/20,本地,1682,2789,6528,否,
M0126,5092585,390520,批次隔离,2026/6/18 0:00,4702065,WH001,2029/5/17 0:00,2026/5/22,本地,1827,3602,8018,否,
M0127,3446877,276708,供应商质量异常,2026/6/6 0:00,3170169,WH003,2036/5/15 0:00,2026/5/28,本地,912,1773,4184,否,
M0128,10883383,682890,过期待报废,2026/6/6 0:00,10200493,WH004,2036/5/15 0:00,2026/5/20,本地,1984,3655,7311,否,
M0129,25789628,2422686,客户退货待处理,2026/6/29 0:00,23366942,WH002,2036/5/15 0:00,2026/6/1,本地,9430,18757,42786,否,
M0129,25789628,2422686,盘亏待确认,2026/6/21 0:00,23366942,WH003,2036/5/15 0:00,2026/5/23,本地,10280,16949,34549,否,
M0129,25789628,2422686,待退货处理,2026/6/21 0:00,23366942,WH004,2036/5/15 0:00,2026/5/28,本地,5550,9297,20277,否,
M0130,67918,7528,待质检确认,2026/6/14 0:00,60390,WH004,2027/5/18 0:00,2026/5/26,本地,3786,7298,15018,否,
M0130,67918,7528,待质检确认,2026/6/2 0:00,60390,WH003,2027/5/18 0:00,2026/6/4,本地,2343,3989,10315,否,
M0130,67918,7528,供应商质量异常,2026/6/1 0:00,60390,WH002,2027/5/18 0:00,2026/5/28,本地,3295,5325,12341,否,
M0131,17923567,1255527,过期待报废,2026/6/16 0:00,16668040,WH003,2036/5/15 0:00,2026/5/30,本地,5746,8951,25798,否,
M0132,2384206,64294,质量待评审,2026/6/19 0:00,2319912,WH003,2027/5/18 0:00,2026/5/21,本地,618,1114,2274,否,
M0133,95,2,待质检确认,2026/6/2 0:00,93,WH001,2036/5/15 0:00,2026/5/24,本地,24,44,106,否,
M0134,14126919,1622027,过期待报废,2026/6/14 0:00,12504892,WH004,2027/5/18 0:00,2026/5/19,本地,8343,13860,31193,否,
M0135,7481269,1028035,客户预留,2026/7/31 0:00,6453234,WH004,2027/5/18 0:00,2026/5/21,本地,2859,4711,10695,是,供应商质量问题整改中
M0135,7481269,1028035,客户预留,2026/7/11 0:00,6453234,WH003,2027/5/18 0:00,2026/6/7,本地,2920,5709,16835,否,
M0136,4929938,436328,待质检确认,2026/7/27 0:00,4493610,WH004,2026/11/14 0:00,2026/5/18,本地,823,1576,3342,否,
M0137,209,4,供应商质量异常,2026/7/2 0:00,205,WH002,2026/11/14 0:00,2026/6/3,本地,53,86,232,否,
M0137,174,1,过期待报废,2026/6/2 0:00,173,WH001,2026/11/14 0:00,2026/5/26,本地,33,60,162,否,
M0138,3450661,329246,客户退货待处理,2026/6/14 0:00,3121415,WH003,2027/5/18 0:00,2026/5/28,本地,1394,2505,6051,否,
M0138,3450661,329246,质量待评审,2026/7/6 0:00,3121415,WH002,2027/5/18 0:00,2026/5/23,本地,750,1310,3085,否,
M0138,3450661,329246,过期待报废,2026/6/20 0:00,3121415,WH001,2027/5/18 0:00,2026/6/6,本地,1027,1753,4259,否,
M0139,7372318,419234,质量待评审,2026/8/21 0:00,6953084,WH001,2028/5/17 0:00,2026/5/30,本地,2381,4543,11285,否,
M0140,22633,539,质量待评审,2026/7/3 0:00,22094,WH003,2029/5/17 0:00,2026/5/18,本地,5549,8326,23534,否,
M0140,19752,489,过期待报废,2026/6/22 0:00,19263,WH001,2029/5/17 0:00,2026/6/7,本地,5069,9982,22583,否,
M0141,9191023,519854,质量待评审,2026/8/20 0:00,8671169,WH001,2036/5/15 0:00,2026/5/30,本地,2063,3974,8218,否,
M0142,16144670,1770215,客户预留,2026/7/24 0:00,14374455,WH002,2029/5/17 0:00,2026/6/2,本地,3989,7052,18191,否,
M0142,16144670,1770215,盘亏待确认,2026/6/24 0:00,14374455,WH001,2029/5/17 0:00,2026/5/26,本地,4909,8143,22404,否,
M0142,16144670,1770215,供应商质量异常,2026/6/8 0:00,14374455,WH003,2029/5/17 0:00,2026/5/22,本地,4117,7443,14992,否,
M0143,5288262,389326,过期待报废,2026/5/25 0:00,4898936,WH001,2029/5/17 0:00,2026/5/22,本地,1077,1958,5742,否,
M0144,3694874,188859,盘亏待确认,2026/6/7 0:00,3506015,WH001,2027/5/18 0:00,2026/5/18,本地,1070,1837,4343,否,
M0144,3694874,188859,客户预留,2026/6/29 0:00,3506015,WH002,2027/5/18 0:00,2026/6/5,本地,1244,2367,5901,否,
M0144,3694874,188859,待退货处理,2026/6/24 0:00,3506015,WH003,2027/5/18 0:00,2026/5/28,本地,1420,2528,5577,否,
M0145,5091195,556901,客户退货待处理,2026/6/9 0:00,4534294,WH002,2028/5/17 0:00,2026/6/5,本地,622,972,2051,否,
M0145,5091195,556901,质量待评审,2026/7/14 0:00,4534294,WH004,2028/5/17 0:00,2026/6/5,本地,829,1618,4608,否,
M0146,4936762,234449,待质检确认,2026/5/27 0:00,4702313,WH001,2036/5/15 0:00,2026/5/22,本地,2424,3954,9622,否,
M0146,4936762,234449,客户退货待处理,2026/6/26 0:00,4702313,WH004,2036/5/15 0:00,2026/5/28,本地,1820,3374,7731,否,
M0147,138,4,客户退货待处理,2026/6/19 0:00,134,WH004,2028/5/17 0:00,2026/6/1,本地,23,35,70,否,
M0147,125,0,批次隔离,2026/5/29 0:00,125,WH001,2028/5/17 0:00,2026/5/19,本地,20,30,85,否,
M0148,194,2,待质检确认,2026/8/6 0:00,192,WH003,2036/5/15 0:00,2026/6/7,本地,56,97,268,否,
M0148,102,3,待退货处理,2026/6/21 0:00,99,WH002,2036/5/15 0:00,2026/5/26,本地,26,49,146,否,
M0148,120,4,待质检确认,2026/7/19 0:00,116,WH004,2036/5/15 0:00,2026/5/30,本地,31,61,143,否,
M0149,175070,8608,客户退货待处理,2026/6/8 0:00,166462,WH002,2028/5/17 0:00,2026/5/28,本地,2876,5696,13811,否,
M0149,175070,8608,过期待报废,2026/6/24 0:00,166462,WH001,2028/5/17 0:00,2026/6/1,本地,2213,3995,11447,是,RoHS检测超标
M0149,175070,8608,质量待评审,2026/8/12 0:00,166462,WH003,2028/5/17 0:00,2026/5/22,本地,3617,6841,19915,否,
M0150,142,4,质量待评审,2026/8/29 0:00,138,WH002,2036/5/15 0:00,2026/5/26,本地,37,73,205,否,
M0151,23136058,1075607,质量待评审,2026/6/14 0:00,22060451,WH001,2036/5/15 0:00,2026/5/18,本地,5746,11157,30390,否,
M0151,23136058,1075607,批次隔离,2026/6/29 0:00,22060451,WH002,2036/5/15 0:00,2026/6/6,本地,6319,10343,21372,否,
M0152,4978626,498077,待质检确认,2026/6/17 0:00,4480549,WH003,2036/5/15 0:00,2026/6/7,本地,1228,2232,5495,否,
M0152,4978626,498077,质量待评审,2026/5/27 0:00,4480549,WH001,2036/5/15 0:00,2026/5/22,本地,2540,4165,10340,否,
M0153,7831,225,批次隔离,2026/6/21 0:00,7606,WH004,2027/5/18 0:00,2026/5/23,本地,1393,2100,4363,否,
M0153,7679,206,过期待报废,2026/6/25 0:00,7473,WH003,2027/5/18 0:00,2026/6/4,本地,1978,3029,6192,否,
M0154,621886,34183,待质检确认,2026/5/30 0:00,587703,WH002,2036/5/15 0:00,2026/5/22,本地,2142,4067,11554,否,
M0154,621886,34183,客户退货待处理,2026/6/6 0:00,587703,WH004,2036/5/15 0:00,2026/5/18,本地,1673,3228,7240,否,
M0155,14604314,787197,待质检确认,2026/7/1 0:00,13817117,WH003,2036/5/15 0:00,2026/6/3,本地,5153,8735,23573,否,
M0155,14604314,787197,待质检确认,2026/7/11 0:00,13817117,WH002,2036/5/15 0:00,2026/5/31,本地,3008,4608,9838,否,
M0156,11704,472,客户退货待处理,2026/6/13 0:00,11232,WH003,2036/5/15 0:00,2026/6/3,本地,2078,3208,6721,否,
M0156,10084,187,批次隔离,2026/6/17 0:00,9897,WH001,2036/5/15 0:00,2026/6/2,本地,1895,3505,8548,否,
M0156,11464,445,质量待评审,2026/6/24 0:00,11019,WH004,2036/5/15 0:00,2026/6/1,本地,2894,5333,13106,否,
M0157,5923318,372705,供应商质量异常,2026/6/20 0:00,5550613,WH001,2036/5/15 0:00,2026/5/29,本地,2661,4351,11434,否,
M0157,5923318,372705,过期待报废,2026/6/20 0:00,5550613,WH004,2036/5/15 0:00,2026/5/31,本地,1677,2818,6437,否,
M0157,5923318,372705,盘亏待确认,2026/6/15 0:00,5550613,WH003,2036/5/15 0:00,2026/5/22,本地,2350,4565,9794,否,
M0158,212553,17199,供应商质量异常,2026/5/29 0:00,195354,WH003,2029/5/17 0:00,2026/5/19,本地,3607,6717,16023,是,环保合规审查未通过
M0159,4830969,479884,批次隔离,2026/6/20 0:00,4351085,WH003,2028/5/17 0:00,2026/5/29,本地,1333,2174,4467,否,
M0159,4830969,479884,供应商质量异常,2026/6/20 0:00,4351085,WH002,2028/5/17 0:00,2026/5/27,本地,2353,4514,12038,否,
M0160,17909491,475506,过期待报废,2026/6/18 0:00,17433985,WH001,2028/5/17 0:00,2026/5/19,本地,3205,6115,14335,否,
M0160,17909491,475506,待质检确认,2026/6/18 0:00,17433985,WH003,2028/5/17 0:00,2026/5/21,本地,8646,17197,41931,否,
M0160,17909491,475506,客户预留,2026/8/9 0:00,17433985,WH004,2028/5/17 0:00,2026/5/23,本地,2760,4380,11482,否,
M0161,31875302,2681191,待质检确认,2026/7/22 0:00,29194111,WH001,2036/5/15 0:00,2026/6/5,本地,8203,13600,31803,否,
M0161,31875302,2681191,盘亏待确认,2026/6/16 0:00,29194111,WH003,2036/5/15 0:00,2026/5/29,本地,5995,11364,31327,否,
M0162,23230459,2013247,待质检确认,2026/8/17 0:00,21217212,WH003,2027/5/18 0:00,2026/6/7,本地,11954,18294,41365,否,
M0162,23230459,2013247,供应商质量异常,2026/6/14 0:00,21217212,WH002,2027/5/18 0:00,2026/5/19,本地,8151,15077,44158,否,
M0162,23230459,2013247,质量待评审,2026/6/13 0:00,21217212,WH001,2027/5/18 0:00,2026/6/7,本地,8169,13635,33076,否,
M0163,58001265,6550768,批次隔离,2026/6/22 0:00,51450497,WH004,2027/5/18 0:00,2026/6/7,本地,10712,16792,44822,否,
M0163,58001265,6550768,质量待评审,2026/6/7 0:00,51450497,WH002,2027/5/18 0:00,2026/6/6,本地,11369,18312,43598,否,
M0163,58001265,6550768,质量待评审,2026/7/2 0:00,51450497,WH001,2027/5/18 0:00,2026/6/5,本地,17051,32268,89631,否,
M0164,5394903,270577,过期待报废,2026/5/28 0:00,5124326,WH002,2036/5/15 0:00,2026/5/18,本地,2833,4716,9445,否,
M0164,5394903,270577,质量待评审,2026/8/7 0:00,5124326,WH004,2036/5/15 0:00,2026/5/31,本地,1970,3646,7495,否,
M0165,16792329,1268056,待质检确认,2026/8/20 0:00,15524273,WH002,2036/5/15 0:00,2026/5/25,本地,7559,13590,33943,否,
M0165,16792329,1268056,待质检确认,2026/6/2 0:00,15524273,WH003,2036/5/15 0:00,2026/5/30,本地,5636,10637,26729,否,
M0165,16792329,1268056,待退货处理,2026/7/2 0:00,15524273,WH004,2036/5/15 0:00,2026/6/5,本地,5103,8024,18686,否,
M0166,2192824,200072,质量待评审,2026/6/22 0:00,1992752,WH001,2028/5/17 0:00,2026/6/2,本地,1042,1991,4626,否,
M0167,291433,9659,待质检确认,2026/6/28 0:00,281774,WH002,2026/11/14 0:00,2026/6/7,本地,150,293,802,否,
M0168,14631941,1181698,客户退货待处理,2026/6/17 0:00,13450243,WH001,2029/5/17 0:00,2026/5/26,本地,5121,8857,24560,否,
M0168,14631941,1181698,供应商质量异常,2026/5/31 0:00,13450243,WH002,2029/5/17 0:00,2026/5/20,本地,7373,13600,36838,是,供应商产能不足暂停供货
M0169,16671358,1207036,待退货处理,2026/6/5 0:00,15464322,WH004,2036/5/15 0:00,2026/6/2,本地,2805,5386,11782,否,
M0169,16671358,1207036,供应商质量异常,2026/6/10 0:00,15464322,WH002,2036/5/15 0:00,2026/5/31,本地,3717,6868,17787,否,
M0170,12846749,1175923,待质检确认,2026/6/16 0:00,11670826,WH001,2036/5/15 0:00,2026/6/5,本地,5098,8577,25399,否,
M0170,12846749,1175923,客户预留,2026/6/26 0:00,11670826,WH002,2036/5/15 0:00,2026/6/4,本地,5603,10419,29291,否,
M0170,12846749,1175923,供应商质量异常,2026/6/23 0:00,11670826,WH003,2036/5/15 0:00,2026/6/4,本地,3893,6392,12861,否,
M0171,16843628,1248439,质量待评审,2026/8/3 0:00,15595189,WH001,2036/5/15 0:00,2026/5/19,本地,5810,9108,19433,否,
M0171,16843628,1248439,待质检确认,2026/8/16 0:00,15595189,WH003,2036/5/15 0:00,2026/5/30,本地,7018,12010,28578,否,
M0172,6662896,529290,待退货处理,2026/6/27 0:00,6133606,WH003,2026/11/14 0:00,2026/6/5,本地,1764,2667,6902,否,
M0173,4683983,501775,过期待报废,2026/6/17 0:00,4182208,WH002,2027/5/18 0:00,2026/5/25,本地,1625,2722,8135,否,
M0174,79340,10503,过期待报废,2026/5/29 0:00,68837,WH002,2036/5/15 0:00,2026/5/26,本地,5946,10073,23826,否,
M0174,79340,10503,客户预留,2026/7/9 0:00,68837,WH003,2036/5/15 0:00,2026/5/28,本地,6433,12654,26992,否,
M0174,79340,10503,质量待评审,2026/7/8 0:00,68837,WH004,2036/5/15 0:00,2026/5/25,本地,5039,7883,20133,否,
M0175,580449,41217,盘亏待确认,2026/6/19 0:00,539232,WH004,2027/5/18 0:00,2026/6/5,本地,235,367,926,否,
M0176,12644877,1221141,待质检确认,2026/6/24 0:00,11423736,WH003,2036/5/15 0:00,2026/5/26,本地,4275,6759,19006,否,
M0176,12644877,1221141,供应商质量异常,2026/5/23 0:00,11423736,WH001,2036/5/15 0:00,2026/5/20,本地,4283,8022,20259,否,
M0176,12644877,1221141,批次隔离,2026/6/25 0:00,11423736,WH004,2036/5/15 0:00,2026/6/4,本地,6684,10431,25701,否,
M0177,30789668,2600435,质量待评审,2026/8/26 0:00,28189233,WH002,2026/11/14 0:00,2026/6/4,本地,6338,12299,25816,否,
M0177,30789668,2600435,质量待评审,2026/8/13 0:00,28189233,WH001,2026/11/14 0:00,2026/5/21,本地,6094,11982,31547,否,
M0177,30789668,2600435,待质检确认,2026/6/2 0:00,28189233,WH003,2026/11/14 0:00,2026/5/23,本地,11509,21584,49937,否,
M0178,6921587,1014922,客户预留,2026/6/5 0:00,5906665,WH002,2036/5/15 0:00,2026/6/4,本地,985,1729,3650,否,
M0179,19718346,1856305,待质检确认,2026/7/27 0:00,17862041,WH004,2036/5/15 0:00,2026/5/20,本地,6061,9108,21272,否,
M0180,3818177,260625,过期待报废,2026/6/11 0:00,3557552,WH003,2036/5/15 0:00,2026/5/20,本地,1631,2929,6325,否,
M0181,10715029,218241,客户退货待处理,2026/6/15 0:00,10496788,WH004,2027/5/18 0:00,2026/5/19,本地,4335,7071,18656,否,
M0181,10715029,218241,盘亏待确认,2026/7/5 0:00,10496788,WH003,2027/5/18 0:00,2026/6/6,本地,1864,3494,8138,否,
M0182,2579464,205217,质量待评审,2026/6/25 0:00,2374247,WH003,2036/5/15 0:00,2026/6/3,本地,1122,2179,5548,否,
M0182,2579464,205217,待质检确认,2026/6/25 0:00,2374247,WH004,2036/5/15 0:00,2026/6/5,本地,813,1356,3304,否,
M0182,2579464,205217,批次隔离,2026/6/18 0:00,2374247,WH002,2036/5/15 0:00,2026/6/7,本地,732,1194,2912,否,
M0183,5378671,611457,批次隔离,2026/6/8 0:00,4767214,WH004,2036/5/15 0:00,2026/5/31,本地,1482,2540,7431,否,
M0183,5378671,611457,客户预留,2026/6/24 0:00,4767214,WH002,2036/5/15 0:00,2026/6/5,本地,822,1334,3095,否,
M0184,10849593,724980,待退货处理,2026/6/14 0:00,10124613,WH004,2026/11/14 0:00,2026/5/24,本地,3374,5165,10644,否,
M0184,10849593,724980,质量待评审,2026/8/1 0:00,10124613,WH001,2026/11/14 0:00,2026/5/30,本地,4486,7329,17748,否,
M0185,10661557,799716,客户退货待处理,2026/6/18 0:00,9861841,WH004,2028/5/17 0:00,2026/5/30,本地,3886,6187,18473,否,
M0186,6557939,581742,客户预留,2026/7/17 0:00,5976197,WH002,2027/5/18 0:00,2026/5/23,本地,2863,5523,14184,否,
M0186,6557939,581742,过期待报废,2026/6/18 0:00,5976197,WH004,2027/5/18 0:00,2026/5/30,本地,2888,4571,12213,否,
M0187,5233016,778734,待质检确认,2026/7/26 0:00,4454282,WH002,2036/5/15 0:00,2026/5/24,本地,1656,2487,5000,否,
M0187,5233016,778734,客户预留,2026/6/17 0:00,4454282,WH004,2036/5/15 0:00,2026/6/6,本地,1568,2616,5323,否,
M0187,5233016,778734,客户退货待处理,2026/6/21 0:00,4454282,WH003,2036/5/15 0:00,2026/5/23,本地,1499,2443,7080,否,
M0188,22036474,1642053,待质检确认,2026/5/29 0:00,20394421,WH001,2029/5/17 0:00,2026/5/19,本地,7576,13516,38646,否,
M0188,22036474,1642053,待质检确认,2026/7/18 0:00,20394421,WH002,2029/5/17 0:00,2026/6/6,本地,3891,6985,17935,否,
M0188,22036474,1642053,待质检确认,2026/6/21 0:00,20394421,WH004,2029/5/17 0:00,2026/5/28,本地,5916,9230,25983,是,RoHS检测超标
M0189,208303,22302,供应商质量异常,2026/6/8 0:00,186001,WH002,2036/5/15 0:00,2026/5/31,本地,5406,9914,24346,否,
M0190,7021130,421638,待退货处理,2026/6/15 0:00,6599492,WH001,2029/5/17 0:00,2026/5/30,本地,1216,2105,6196,否,
M0190,7021130,421638,质量待评审,2026/8/7 0:00,6599492,WH002,2029/5/17 0:00,2026/6/3,本地,1420,2601,7188,否,
M0190,7021130,421638,盘亏待确认,2026/6/10 0:00,6599492,WH003,2029/5/17 0:00,2026/6/1,本地,1751,3283,9645,否,
M0191,488151,60754,待质检确认,2026/6/16 0:00,427397,WH002,2036/5/15 0:00,2026/6/3,本地,2078,3656,10631,否,
M0192,5484,174,批次隔离,2026/6/12 0:00,5310,WH001,2027/5/18 0:00,2026/5/28,本地,1484,2416,6223,否,
M0192,6484,87,待退货处理,2026/6/20 0:00,6397,WH003,2027/5/18 0:00,2026/5/29,本地,1230,2403,5430,否,
M0192,7602,351,盘亏待确认,2026/6/11 0:00,7251,WH002,2027/5/18 0:00,2026/6/6,本地,1369,2462,4977,是,成本超标-待重新议价
M0193,8415939,1106180,质量待评审,2026/6/28 0:00,7309759,WH004,2028/5/17 0:00,2026/6/5,本地,3290,5920,13719,否,
M0194,12834896,773511,待质检确认,2026/8/29 0:00,12061385,WH004,2026/11/14 0:00,2026/5/29,本地,4873,9539,24391,否,
M0194,12834896,773511,批次隔离,2026/6/17 0:00,12061385,WH001,2026/11/14 0:00,2026/6/3,本地,5447,9112,26152,否,
M0195,2832,122,供应商质量异常,2026/6/13 0:00,2710,WH002,2027/5/18 0:00,2026/5/21,本地,440,767,1728,否,
M0196,10349261,377415,供应商质量异常,2026/6/7 0:00,9971846,WH003,2036/5/15 0:00,2026/6/4,本地,4534,8146,19872,否,
M0197,4610131,526769,客户预留,2026/6/13 0:00,4083362,WH001,2027/5/18 0:00,2026/5/31,本地,1607,2967,7114,否,
M0198,8201769,550770,盘亏待确认,2026/7/6 0:00,7650999,WH001,2027/5/18 0:00,2026/6/7,本地,2043,3677,9877,否,
M0198,8201769,550770,批次隔离,2026/6/19 0:00,7650999,WH003,2027/5/18 0:00,2026/5/22,本地,3437,5902,13173,否,
M0199,9758794,753504,质量待评审,2026/6/24 0:00,9005290,WH001,2036/5/15 0:00,2026/5/27,本地,2075,4134,10261,否,
M0199,9758794,753504,质量待评审,2026/6/4 0:00,9005290,WH002,2036/5/15 0:00,2026/5/28,本地,2735,4577,13127,否,
M0199,9758794,753504,供应商质量异常,2026/6/2 0:00,9005290,WH003,2036/5/15 0:00,2026/5/24,本地,3912,6034,14356,否,
M0200,3070397,339667,待质检确认,2026/6/7 0:00,2730730,WH003,2036/5/15 0:00,2026/5/28,本地,1197,2280,5146,否,
M0201,156,7,批次隔离,2026/7/1 0:00,149,WH002,2036/5/15 0:00,2026/6/1,本地,45,80,209,否,
M0201,142,1,盘亏待确认,2026/6/4 0:00,141,WH001,2036/5/15 0:00,2026/5/31,本地,32,56,115,否,
M0202,148,2,质量待评审,2026/8/19 0:00,146,WH002,2036/5/15 0:00,2026/5/26,本地,27,51,123,否,
M0202,150,4,质量待评审,2026/6/5 0:00,146,WH001,2036/5/15 0:00,2026/5/27,本地,27,43,90,否,
M0202,136,1,客户退货待处理,2026/7/1 0:00,135,WH003,2036/5/15 0:00,2026/6/7,本地,26,49,99,是,RoHS检测超标
M0203,98,2,客户退货待处理,2026/5/22 0:00,96,WH004,2036/5/15 0:00,2026/5/19,本地,18,32,86,否,
M0203,153,1,供应商质量异常,2026/6/12 0:00,152,WH003,2036/5/15 0:00,2026/5/18,本地,45,81,205,否,
M0204,184,1,质量待评审,2026/6/2 0:00,183,WH001,2027/5/18 0:00,2026/5/24,本地,28,42,103,否,
M0204,178,5,待质检确认,2026/5/26 0:00,173,WH002,2027/5/18 0:00,2026/5/18,本地,42,63,188,否,
M0205,188,4,客户预留,2026/7/12 0:00,184,WH004,2027/5/18 0:00,2026/5/28,本地,49,82,175,否,
M0206,166,6,待质检确认,2026/6/12 0:00,160,WH002,2027/5/18 0:00,2026/5/18,本地,25,40,81,是,RoHS检测超标
M0207,213,5,待质检确认,2026/6/21 0:00,208,WH004,2036/5/15 0:00,2026/5/25,本地,34,58,142,否,
M0207,75,1,客户退货待处理,2026/5/28 0:00,74,WH001,2036/5/15 0:00,2026/5/18,本地,21,38,78,否,
M0208,156,6,质量待评审,2026/6/23 0:00,150,WH003,2036/5/15 0:00,2026/5/18,本地,31,57,168,否,
M0208,197,4,客户退货待处理,2026/5/31 0:00,193,WH002,2036/5/15 0:00,2026/5/20,本地,52,99,250,否,
M0208,147,3,质量待评审,2026/6/12 0:00,144,WH004,2036/5/15 0:00,2026/5/18,本地,37,56,160,否,
M0209,175,3,过期待报废,2026/6/2 0:00,172,WH001,2036/5/15 0:00,2026/5/28,本地,46,90,250,否,
M0209,165,1,待退货处理,2026/6/12 0:00,164,WH004,2036/5/15 0:00,2026/5/23,本地,45,73,146,否,
M0210,139,5,供应商质量异常,2026/5/28 0:00,134,WH001,2036/5/15 0:00,2026/5/25,本地,35,62,145,否,
M0210,119,3,待质检确认,2026/6/26 0:00,116,WH003,2036/5/15 0:00,2026/5/29,本地,30,51,121,否,
M0211,165,6,待退货处理,2026/5/25 0:00,159,WH003,2036/5/15 0:00,2026/5/22,本地,38,61,181,否,
M0211,194,7,盘亏待确认,2026/6/10 0:00,187,WH004,2036/5/15 0:00,2026/6/3,本地,46,82,189,否,
M0211,126,1,盘亏待确认,2026/5/26 0:00,125,WH001,2036/5/15 0:00,2026/5/23,本地,24,39,109,否,
M0212,174,6,盘亏待确认,2026/6/9 0:00,168,WH002,2036/5/15 0:00,2026/5/21,本地,35,67,144,否,
M0212,197,1,待质检确认,2026/6/25 0:00,196,WH004,2036/5/15 0:00,2026/5/28,本地,45,72,157,否,
M0212,80,1,盘亏待确认,2026/6/11 0:00,79,WH001,2036/5/15 0:00,2026/5/28,本地,20,39,88,是,长期合作终止-寻找替代料
M0213,204,9,盘亏待确认,2026/6/27 0:00,195,WH002,2036/5/15 0:00,2026/6/7,本地,60,110,270,否,
M0213,179,4,客户预留,2026/6/28 0:00,175,WH004,2036/5/15 0:00,2026/5/29,本地,51,91,197,否,
M0214,84,1,质量待评审,2026/6/12 0:00,83,WH002,2036/5/15 0:00,2026/5/22,本地,13,25,59,否,
M0214,197,4,客户退货待处理,2026/5/28 0:00,193,WH003,2036/5/15 0:00,2026/5/25,本地,53,91,270,否,
M0215,170,7,质量待评审,2026/7/23 0:00,163,WH002,2036/5/15 0:00,2026/5/27,本地,43,80,197,是,RoHS检测超标
M0215,77,2,待质检确认,2026/6/10 0:00,75,WH003,2036/5/15 0:00,2026/5/28,本地,22,42,113,否,
M0216,113,1,待质检确认,2026/6/9 0:00,112,WH001,2036/5/15 0:00,2026/5/20,本地,23,38,102,否,
M0216,92,1,质量待评审,2026/6/10 0:00,91,WH004,2036/5/15 0:00,2026/5/23,本地,19,32,76,否,
M0216,153,5,客户退货待处理,2026/6/11 0:00,148,WH002,2036/5/15 0:00,2026/5/29,本地,33,65,191,否,
M0217,95,0,过期待报废,2026/6/30 0:00,95,WH003,2036/5/15 0:00,2026/6/3,本地,20,32,69,否,
M0217,197,6,待质检确认,2026/6/11 0:00,191,WH002,2036/5/15 0:00,2026/5/25,本地,44,85,224,否,
M0217,106,4,待质检确认,2026/6/15 0:00,102,WH001,2036/5/15 0:00,2026/5/22,本地,28,50,122,否,
M0218,92,1,客户预留,2026/7/31 0:00,91,WH003,2036/5/15 0:00,2026/6/4,本地,16,25,71,否,
M0219,108,1,质量待评审,2026/7/10 0:00,107,WH002,2036/5/15 0:00,2026/5/20,本地,26,50,125,否,
M0220,72,1,质量待评审,2026/6/9 0:00,71,WH004,2036/5/15 0:00,2026/5/26,本地,16,29,83,否,
M0220,202,6,盘亏待确认,2026/6/19 0:00,196,WH001,2036/5/15 0:00,2026/6/4,本地,57,104,261,否,
M0221,93,1,待质检确认,2026/8/3 0:00,92,WH002,2036/5/15 0:00,2026/5/31,本地,14,21,54,否,
M0221,121,3,待质检确认,2026/6/27 0:00,118,WH004,2036/5/15 0:00,2026/5/27,本地,24,47,120,否,
M0221,163,3,待质检确认,2026/8/5 0:00,160,WH001,2036/5/15 0:00,2026/5/21,本地,44,71,202,否,
M0222,108,4,客户退货待处理,2026/6/19 0:00,104,WH003,2036/5/15 0:00,2026/5/29,本地,21,34,82,否,
M0222,99,1,批次隔离,2026/6/15 0:00,98,WH004,2036/5/15 0:00,2026/6/3,本地,29,49,131,否,
M0222,141,1,待退货处理,2026/6/21 0:00,140,WH002,2036/5/15 0:00,2026/5/28,本地,22,38,84,否,
M0223,153,4,质量待评审,2026/6/2 0:00,149,WH001,2036/5/15 0:00,2026/6/3,本地,45,89,214,否,
M0223,214,3,待质检确认,2026/6/3 0:00,211,WH002,2036/5/15 0:00,2026/6/6,本地,47,84,236,否,
M0224,212,7,待质检确认,2026/6/22 0:00,205,WH002,2036/5/15 0:00,2026/5/29,本地,57,103,255,否,
M0224,110,2,批次隔离,2026/6/24 0:00,108,WH001,2036/5/15 0:00,2026/5/29,本地,25,38,86,否,
M0224,170,5,质量待评审,2026/7/10 0:00,165,WH003,2036/5/15 0:00,2026/6/3,本地,37,70,165,否,
M0225,77,1,质量待评审,2026/5/24 0:00,76,WH003,2036/5/15 0:00,2026/5/18,本地,18,28,75,否,
M0225,143,5,批次隔离,2026/6/29 0:00,138,WH002,2036/5/15 0:00,2026/5/30,本地,36,66,166,否,
M0225,112,4,过期待报废,2026/6/25 0:00,108,WH001,2036/5/15 0:00,2026/6/4,本地,28,46,103,否,
M0226,159,2,盘亏待确认,2026/6/23 0:00,157,WH004,2036/5/15 0:00,2026/5/28,本地,28,45,134,否,
M0226,163,4,待质检确认,2026/6/3 0:00,159,WH001,2036/5/15 0:00,2026/5/19,本地,48,79,182,否,
M0227,168,5,质量待评审,2026/6/4 0:00,163,WH003,2036/5/15 0:00,2026/5/21,本地,35,58,172,否,
M0227,165,6,质量待评审,2026/7/3 0:00,159,WH001,2036/5/15 0:00,2026/5/22,本地,47,82,235,否,
M0227,162,6,客户预留,2026/8/11 0:00,156,WH002,2036/5/15 0:00,2026/5/31,本地,40,76,178,否,
M0228,165,2,过期待报废,2026/6/20 0:00,163,WH003,2028/5/17 0:00,2026/5/24,本地,47,80,211,否,
M0228,134,3,待质检确认,2026/8/28 0:00,131,WH004,2028/5/17 0:00,2026/5/25,本地,24,39,89,否,
M0228,176,1,待退货处理,2026/6/17 0:00,175,WH002,2028/5/17 0:00,2026/5/23,本地,39,66,145,否,
M0229,113,3,客户预留,2026/7/23 0:00,110,WH001,2036/5/15 0:00,2026/5/19,本地,26,46,109,否,
M0230,96,0,客户预留,2026/7/10 0:00,96,WH004,2036/5/15 0:00,2026/5/26,本地,17,29,77,否,
M0230,148,6,供应商质量异常,2026/6/14 0:00,142,WH003,2036/5/15 0:00,2026/5/30,本地,31,48,99,否,
M0231,148,6,待质检确认,2026/6/3 0:00,142,WH003,2036/5/15 0:00,2026/6/6,本地,28,44,126,否,
M0231,191,2,质量待评审,2026/7/1 0:00,189,WH002,2036/5/15 0:00,2026/5/23,本地,33,53,121,否,
M0231,190,4,盘亏待确认,2026/5/28 0:00,186,WH001,2036/5/15 0:00,2026/5/20,本地,45,86,210,否,
M0232,188,6,质量待评审,2026/8/27 0:00,182,WH001,2036/5/15 0:00,2026/5/27,本地,48,80,207,否,
M0232,119,0,待质检确认,2026/7/1 0:00,119,WH003,2036/5/15 0:00,2026/6/4,本地,18,35,78,否,
M0233,210,2,客户退货待处理,2026/6/8 0:00,208,WH002,2036/5/15 0:00,2026/5/27,本地,57,96,254,否,
M0233,211,8,盘亏待确认,2026/6/29 0:00,203,WH001,2036/5/15 0:00,2026/6/2,本地,47,90,206,否,
M0233,175,7,客户退货待处理,2026/6/13 0:00,168,WH004,2036/5/15 0:00,2026/5/28,本地,37,57,134,否,
M0234,211,7,客户退货待处理,2026/5/30 0:00,204,WH004,2036/5/15 0:00,2026/5/26,本地,53,99,255,否,
M0234,124,4,客户预留,2026/6/22 0:00,120,WH003,2036/5/15 0:00,2026/6/1,本地,32,52,114,否,
M0234,73,1,客户预留,2026/8/27 0:00,72,WH001,2036/5/15 0:00,2026/6/5,本地,18,35,92,否,
M0235,136,4,盘亏待确认,2026/6/2 0:00,132,WH001,2036/5/15 0:00,2026/5/18,本地,27,50,146,否,
M0236,167,4,客户退货待处理,2026/6/23 0:00,163,WH001,2036/5/15 0:00,2026/5/27,本地,36,66,140,否,
M0236,190,8,质量待评审,2026/6/16 0:00,182,WH003,2036/5/15 0:00,2026/5/21,本地,47,82,222,否,
M0237,86,0,供应商质量异常,2026/6/12 0:00,86,WH001,2036/5/15 0:00,2026/6/5,本地,15,29,58,否,
M0237,74,2,待质检确认,2026/6/7 0:00,72,WH004,2036/5/15 0:00,2026/6/3,本地,16,26,72,否,
M0238,152,6,批次隔离,2026/6/16 0:00,146,WH002,2036/5/15 0:00,2026/5/20,本地,35,65,130,否,
M0239,103,0,待质检确认,2026/7/31 0:00,103,WH001,2036/5/15 0:00,2026/5/20,本地,26,41,92,否,
M0239,190,7,质量待评审,2026/6/25 0:00,183,WH003,2036/5/15 0:00,2026/6/6,本地,54,86,205,否,
M0240,114,1,待退货处理,2026/6/30 0:00,113,WH004,2036/5/15 0:00,2026/6/4,本地,18,27,60,否,
M0241,4000543,384899,供应商质量异常,2026/6/22 0:00,3615644,WH002,2036/5/15 0:00,2026/6/1,本地,20,33,76,否,
M0241,4000543,384899,质量待评审,2026/5/22 0:00,3615644,WH004,2036/5/15 0:00,2026/5/18,本地,33,65,167,否,
M0242,84,2,待退货处理,2026/6/22 0:00,82,WH003,2036/5/15 0:00,2026/6/2,本地,17,28,81,否,
M0243,90,1,质量待评审,2026/6/28 0:00,89,WH004,2036/5/15 0:00,2026/5/30,本地,25,40,82,否,
M0244,167,5,待质检确认,2026/6/18 0:00,162,WH003,2036/5/15 0:00,2026/6/3,本地,36,55,152,否,
M0244,208,4,供应商质量异常,2026/6/30 0:00,204,WH004,2036/5/15 0:00,2026/6/4,本地,61,119,314,否,
M0244,178,1,客户预留,2026/7/17 0:00,177,WH002,2036/5/15 0:00,2026/5/29,本地,28,43,93,否,
M0245,130,1,过期待报废,2026/6/20 0:00,129,WH003,2036/5/15 0:00,2026/6/4,本地,24,42,107,否,
M0246,142,2,质量待评审,2026/7/26 0:00,140,WH001,2036/5/15 0:00,2026/5/30,本地,27,42,106,否,
M0246,208,1,待质检确认,2026/6/28 0:00,207,WH002,2036/5/15 0:00,2026/5/27,本地,44,69,204,否,
M0247,125,2,客户预留,2026/8/20 0:00,123,WH003,2036/5/15 0:00,2026/5/31,本地,23,40,110,否,
M0248,208,8,待质检确认,2026/7/4 0:00,200,WH004,2036/5/15 0:00,2026/6/5,本地,53,100,208,否,
M0248,84,1,供应商质量异常,2026/6/20 0:00,83,WH003,2036/5/15 0:00,2026/5/23,本地,13,24,57,否,
M0248,149,6,质量待评审,2026/7/5 0:00,143,WH002,2036/5/15 0:00,2026/5/21,本地,29,47,134,否,
M0249,122,1,过期待报废,2026/6/19 0:00,121,WH004,2036/5/15 0:00,2026/5/26,本地,25,46,126,否,
M0250,98,0,质量待评审,2026/6/2 0:00,98,WH001,2036/5/15 0:00,2026/5/25,本地,27,50,143,否,
M0250,194,4,待质检确认,2026/8/3 0:00,190,WH002,2036/5/15 0:00,2026/6/7,本地,48,87,251,否,
M0250,166,4,批次隔离,2026/5/23 0:00,162,WH003,2036/5/15 0:00,2026/5/18,本地,33,65,168,否,
M0251,157,0,过期待报废,2026/6/2 0:00,157,WH004,2036/5/15 0:00,2026/5/29,本地,31,51,103,否,
M0251,185,2,盘亏待确认,2026/6/27 0:00,183,WH003,2036/5/15 0:00,2026/6/6,本地,41,63,132,否,
M0251,89,1,客户退货待处理,2026/6/16 0:00,88,WH002,2036/5/15 0:00,2026/5/18,本地,13,20,45,否,
M0252,80,2,待质检确认,2026/6/20 0:00,78,WH002,2036/5/15 0:00,2026/5/22,本地,17,33,71,否,
M0253,101,1,待质检确认,2026/6/12 0:00,100,WH002,2036/5/15 0:00,2026/5/25,本地,24,39,86,否,
M0254,197,3,质量待评审,2026/7/4 0:00,194,WH003,2036/5/15 0:00,2026/6/4,本地,41,80,233,否,
M0255,92,3,质量待评审,2026/6/9 0:00,89,WH002,2036/5/15 0:00,2026/5/28,本地,18,30,85,否,
M0256,71,1,过期待报废,2026/6/8 0:00,70,WH004,2036/5/15 0:00,2026/6/5,本地,19,30,88,否,
M0256,92,0,质量待评审,2026/6/5 0:00,92,WH001,2036/5/15 0:00,2026/5/19,本地,21,33,78,否,
M0256,108,1,盘亏待确认,2026/6/22 0:00,107,WH002,2036/5/15 0:00,2026/5/26,本地,23,42,99,否,
M0257,166,1,客户退货待处理,2026/6/9 0:00,165,WH001,2036/5/15 0:00,2026/5/30,本地,46,88,211,否,
M0257,73,1,待退货处理,2026/5/30 0:00,72,WH004,2036/5/15 0:00,2026/5/27,本地,19,35,90,否,
M0258,105,1,客户退货待处理,2026/6/18 0:00,104,WH004,2036/5/15 0:00,2026/5/19,本地,31,50,134,否,
M0258,96,0,待退货处理,2026/5/30 0:00,96,WH002,2036/5/15 0:00,2026/5/22,本地,20,34,95,否,
M0258,178,4,供应商质量异常,2026/6/23 0:00,174,WH001,2036/5/15 0:00,2026/5/25,本地,38,66,136,否,
M0259,3828828,397660,待退货处理,2026/6/3 0:00,3431168,WH001,2036/5/15 0:00,2026/5/20,本地,21,31,92,否,
M0259,3828828,397660,待质检确认,2026/6/15 0:00,3431168,WH002,2036/5/15 0:00,2026/6/7,本地,29,44,107,否,
M0260,86,1,待退货处理,2026/6/16 0:00,85,WH001,2036/5/15 0:00,2026/6/2,本地,18,30,70,否,
M0261,208,1,质量待评审,2026/6/20 0:00,207,WH002,2036/5/15 0:00,2026/5/30,本地,33,55,163,否,
M0261,184,7,质量待评审,2026/6/11 0:00,177,WH003,2036/5/15 0:00,2026/5/31,本地,34,62,131,否,
M0261,147,3,过期待报废,2026/6/9 0:00,144,WH001,2036/5/15 0:00,2026/5/30,本地,26,49,114,是,供应商质量问题整改中
M0262,210,1,质量待评审,2026/6/23 0:00,209,WH001,2036/5/15 0:00,2026/5/31,本地,44,75,161,否,
M0262,140,2,待质检确认,2026/8/6 0:00,138,WH002,2036/5/15 0:00,2026/6/4,本地,31,46,119,否,
M0263,170,4,待质检确认,2026/6/7 0:00,166,WH003,2036/5/15 0:00,2026/5/19,本地,34,60,145,否,
M0264,202,1,质量待评审,2026/6/22 0:00,201,WH003,2036/5/15 0:00,2026/6/1,本地,33,53,149,否,
M0264,82,1,客户预留,2026/8/5 0:00,81,WH004,2036/5/15 0:00,2026/5/29,本地,15,27,59,否,
M0264,80,0,待退货处理,2026/6/19 0:00,80,WH001,2036/5/15 0:00,2026/5/27,本地,16,28,78,否,
M0265,162,4,盘亏待确认,2026/6/14 0:00,158,WH003,2028/5/17 0:00,2026/5/20,本地,26,49,124,否,
M0266,118,4,供应商质量异常,2026/6/22 0:00,114,WH002,2028/5/17 0:00,2026/6/2,本地,26,43,98,是,成本超标-待重新议价
M0266,148,3,客户退货待处理,2026/6/16 0:00,145,WH003,2028/5/17 0:00,2026/5/26,本地,35,64,171,否,
M0266,159,1,盘亏待确认,2026/6/21 0:00,158,WH001,2028/5/17 0:00,2026/6/7,本地,38,72,215,否,
M0267,172,7,客户退货待处理,2026/5/28 0:00,165,WH001,2036/5/15 0:00,2026/5/24,本地,33,53,147,否,
M0267,165,5,质量待评审,2026/6/10 0:00,160,WH003,2036/5/15 0:00,2026/5/31,本地,47,74,197,否,
M0268,175,2,待质检确认,2026/7/11 0:00,173,WH003,2036/5/15 0:00,2026/6/7,本地,50,76,165,否,
M0269,136,1,待质检确认,2026/6/18 0:00,135,WH002,2028/5/17 0:00,2026/5/30,本地,32,56,148,否,
M0269,119,2,待质检确认,2026/6/8 0:00,117,WH003,2028/5/17 0:00,2026/5/23,本地,19,33,68,否,
M0270,130,1,待退货处理,2026/6/20 0:00,129,WH003,2028/5/17 0:00,2026/5/21,本地,29,56,148,否,
M0271,132,4,质量待评审,2026/5/29 0:00,128,WH002,2036/5/15 0:00,2026/5/26,本地,35,56,161,否,
M0271,125,1,供应商质量异常,2026/6/17 0:00,124,WH001,2036/5/15 0:00,2026/5/25,本地,31,61,137,否,
M0272,204,1,质量待评审,2026/6/28 0:00,203,WH002,2036/5/15 0:00,2026/5/29,本地,54,83,236,否,
M0272,191,1,待退货处理,2026/6/10 0:00,190,WH001,2036/5/15 0:00,2026/5/26,本地,33,64,179,否,
M0273,84,2,质量待评审,2026/6/23 0:00,82,WH002,2036/5/15 0:00,2026/5/28,本地,23,37,106,否,
M0273,188,4,待质检确认,2026/6/10 0:00,184,WH001,2036/5/15 0:00,2026/6/2,本地,33,63,128,否,
M0273,156,4,过期待报废,2026/6/4 0:00,152,WH003,2036/5/15 0:00,2026/5/25,本地,35,69,160,否,
M0274,118,0,供应商质量异常,2026/6/23 0:00,118,WH003,2036/5/15 0:00,2026/6/5,本地,28,42,91,否,
M0274,122,3,盘亏待确认,2026/6/27 0:00,119,WH001,2036/5/15 0:00,2026/6/2,本地,20,38,86,否,
M0275,179,7,盘亏待确认,2026/6/7 0:00,172,WH002,2036/5/15 0:00,2026/5/22,本地,36,70,191,否,
M0276,175,7,盘亏待确认,2026/6/26 0:00,168,WH002,2036/5/15 0:00,2026/6/2,本地,44,68,175,否,
M0276,158,2,客户退货待处理,2026/6/13 0:00,156,WH004,2036/5/15 0:00,2026/5/25,本地,40,62,135,是,环保合规审查未通过
M0277,154,1,过期待报废,2026/6/24 0:00,153,WH001,2028/5/17 0:00,2026/6/6,本地,32,63,155,否,
M0278,165,1,质量待评审,2026/6/2 0:00,164,WH004,2028/5/17 0:00,2026/5/22,本地,36,67,158,否,
M0278,86,2,待退货处理,2026/6/28 0:00,84,WH001,2028/5/17 0:00,2026/5/31,本地,20,36,76,否,
M0279,124,4,质量待评审,2026/6/24 0:00,120,WH004,2028/5/17 0:00,2026/6/4,本地,31,54,161,否,
M0280,153,5,质量待评审,2026/6/13 0:00,148,WH003,2028/5/17 0:00,2026/6/7,本地,32,51,150,否,
M0281,194,8,客户预留,2026/8/6 0:00,186,WH003,2028/5/17 0:00,2026/6/5,本地,34,59,125,否,
M0281,189,5,待质检确认,2026/6/4 0:00,184,WH004,2028/5/17 0:00,2026/5/19,本地,32,62,172,否,
M0281,164,1,批次隔离,2026/6/9 0:00,163,WH001,2028/5/17 0:00,2026/5/30,本地,27,52,112,否,
M0282,205,7,过期待报废,2026/6/22 0:00,198,WH001,2028/5/17 0:00,2026/5/27,本地,51,77,171,否,
M0282,110,1,客户退货待处理,2026/6/12 0:00,109,WH003,2028/5/17 0:00,2026/5/18,本地,21,36,94,否,
M0283,172,2,待质检确认,2026/8/28 0:00,170,WH003,2028/5/17 0:00,2026/5/23,本地,43,74,191,否,
M0284,119,0,过期待报废,2026/6/4 0:00,119,WH003,2028/5/17 0:00,2026/5/31,本地,25,48,98,否,
M0284,197,5,盘亏待确认,2026/6/18 0:00,192,WH001,2028/5/17 0:00,2026/5/23,本地,53,104,287,否,
M0285,128,1,待质检确认,2026/6/6 0:00,127,WH003,2028/5/17 0:00,2026/5/28,本地,34,59,167,否,
M0286,162,1,待质检确认,2026/6/29 0:00,161,WH001,2028/5/17 0:00,2026/6/3,本地,46,77,158,否,
M0287,179,2,质量待评审,2026/6/8 0:00,177,WH003,2028/5/17 0:00,2026/5/27,本地,52,91,213,否,
M0287,130,1,质量待评审,2026/6/16 0:00,129,WH001,2028/5/17 0:00,2026/5/23,本地,30,55,153,否,
M0287,125,4,盘亏待确认,2026/6/26 0:00,121,WH004,2028/5/17 0:00,2026/5/27,本地,23,36,96,否,
M0288,184,4,批次隔离,2026/5/31 0:00,180,WH004,2027/5/18 0:00,2026/5/20,本地,45,76,158,否,
M0288,82,0,盘亏待确认,2026/6/6 0:00,82,WH003,2027/5/18 0:00,2026/5/23,本地,19,30,64,否,
M0289,93,2,待退货处理,2026/7/7 0:00,91,WH001,2027/5/18 0:00,2026/6/7,本地,17,29,67,否,
M0289,167,2,客户预留,2026/6/6 0:00,165,WH004,2027/5/18 0:00,2026/6/1,本地,44,71,161,否,
M0289,166,4,待质检确认,2026/6/21 0:00,162,WH003,2027/5/18 0:00,2026/6/7,本地,33,51,132,否,
M0290,134,1,质量待评审,2026/8/25 0:00,133,WH002,2027/5/18 0:00,2026/5/31,本地,32,48,102,否,
M0290,179,1,待质检确认,2026/7/18 0:00,178,WH003,2027/5/18 0:00,2026/5/31,本地,27,42,101,否,
M0291,132,1,质量待评审,2026/7/28 0:00,131,WH004,2027/5/18 0:00,2026/6/1,本地,20,38,99,否,
M0291,168,4,批次隔离,2026/6/26 0:00,164,WH001,2027/5/18 0:00,2026/5/31,本地,26,45,116,否,
M0291,167,1,客户退货待处理,2026/6/15 0:00,166,WH003,2027/5/18 0:00,2026/6/2,本地,31,49,116,否,
M0292,128,3,过期待报废,2026/6/10 0:00,125,WH002,2027/5/18 0:00,2026/6/2,本地,38,58,166,否,
M0293,72,0,过期待报废,2026/5/31 0:00,72,WH003,2027/5/18 0:00,2026/5/21,本地,16,27,71,否,
M0294,102,0,待退货处理,2026/6/3 0:00,102,WH002,2027/5/18 0:00,2026/5/24,本地,26,47,134,否,
M0294,108,1,客户退货待处理,2026/6/14 0:00,107,WH004,2027/5/18 0:00,2026/5/28,本地,27,49,140,否,
M0294,72,1,质量待评审,2026/7/7 0:00,71,WH001,2027/5/18 0:00,2026/6/7,本地,18,28,82,否,
M0295,96,1,待质检确认,2026/6/18 0:00,95,WH003,2027/5/18 0:00,2026/5/26,本地,21,36,101,否,
M0295,172,4,批次隔离,2026/6/21 0:00,168,WH004,2027/5/18 0:00,2026/5/25,本地,48,74,192,否,
M0296,191,7,过期待报废,2026/6/13 0:00,184,WH003,2027/5/18 0:00,2026/6/4,本地,57,86,220,否,
M0296,81,2,质量待评审,2026/6/27 0:00,79,WH001,2027/5/18 0:00,2026/5/18,本地,22,38,92,否,
M0297,76,0,过期待报废,2026/6/12 0:00,76,WH004,2027/5/18 0:00,2026/5/27,本地,16,26,60,否,
M0298,204,8,待质检确认,2026/6/6 0:00,196,WH003,2036/5/15 0:00,2026/5/27,本地,59,117,254,否,
M0298,154,4,过期待报废,2026/6/14 0:00,150,WH001,2036/5/15 0:00,2026/5/23,本地,37,66,174,否,
M0299,173,3,待质检确认,2026/6/15 0:00,170,WH004,2036/5/15 0:00,2026/6/2,本地,32,57,145,否,
M0300,87,0,批次隔离,2026/6/11 0:00,87,WH003,2036/5/15 0:00,2026/5/23,本地,23,39,81,是,供应商产能不足暂停供货
P0001,160326,10499,质量待评审,2026/6/29 0:00,149827,WH001,2028/5/17 0:00,2026/5/30,本地,24,43,118,否,
P0001,160326,10499,客户退货待处理,2026/6/25 0:00,149827,WH002,2028/5/17 0:00,2026/5/28,本地,36,67,200,否,
P0001,160326,10499,待退货处理,2026/6/24 0:00,149827,WH003,2028/5/17 0:00,2026/6/4,本地,51,83,200,否,
P0002,214777,19227,过期待报废,2026/6/11 0:00,195550,WH002,2036/5/15 0:00,2026/5/29,本地,34,67,186,否,
P0002,214777,19227,供应商质量异常,2026/6/24 0:00,195550,WH003,2036/5/15 0:00,2026/6/7,本地,38,59,157,否,
P0003,331993,6707,质量待评审,2026/6/16 0:00,325286,WH003,2028/5/17 0:00,2026/6/1,本地,37,73,159,否,
P0003,331993,6707,待质检确认,2026/8/18 0:00,325286,WH001,2028/5/17 0:00,2026/6/7,本地,26,39,109,否,
P0003,331993,6707,质量待评审,2026/8/5 0:00,325286,WH004,2028/5/17 0:00,2026/5/23,本地,21,32,78,是,环保合规审查未通过
P0004,87,1,盘亏待确认,2026/6/9 0:00,86,WH003,2027/5/18 0:00,2026/5/30,本地,18,35,83,否,
P0004,202,4,客户退货待处理,2026/6/19 0:00,198,WH004,2027/5/18 0:00,2026/5/30,本地,56,109,274,否,
P0004,176,6,质量待评审,2026/6/12 0:00,170,WH002,2027/5/18 0:00,2026/6/2,本地,36,63,156,否,
P0005,198355,11569,盘亏待确认,2026/6/10 0:00,186786,WH002,2027/5/18 0:00,2026/5/19,本地,49,90,254,否,
P0005,198355,11569,盘亏待确认,2026/6/6 0:00,186786,WH004,2027/5/18 0:00,2026/5/22,本地,21,41,109,是,供应商产能不足暂停供货
P0006,356580,50662,过期待报废,2026/6/19 0:00,305918,WH002,2027/5/18 0:00,2026/6/6,本地,42,66,184,否,
P0006,356580,50662,客户预留,2026/7/8 0:00,305918,WH004,2027/5/18 0:00,2026/5/27,本地,35,63,178,否,
P0007,162955,11815,客户退货待处理,2026/6/18 0:00,151140,WH004,2027/5/18 0:00,2026/5/28,本地,42,81,179,否,
P0008,150893,18728,供应商质量异常,2026/6/6 0:00,132165,WH004,2028/5/17 0:00,2026/5/29,本地,36,70,179,否,
P0009,303737,6873,批次隔离,2026/7/2 0:00,296864,WH003,2029/5/17 0:00,2026/6/6,本地,27,51,120,否,
P0009,303737,6873,质量待评审,2026/6/22 0:00,296864,WH001,2029/5/17 0:00,2026/6/6,本地,43,65,180,否,
P0010,220697,20535,待退货处理,2026/6/23 0:00,200162,WH001,2027/5/18 0:00,2026/6/4,本地,44,72,199,否,
P0010,220697,20535,客户退货待处理,2026/5/27 0:00,200162,WH003,2027/5/18 0:00,2026/5/20,本地,28,55,164,否,
P0011,138725,12430,待质检确认,2026/7/3 0:00,126295,WH004,2036/5/15 0:00,2026/6/3,本地,16,25,67,否,
P0012,351283,24992,批次隔离,2026/6/2 0:00,326291,WH001,2027/5/18 0:00,2026/5/21,本地,18,28,83,否,
P0012,351283,24992,待质检确认,2026/5/27 0:00,326291,WH002,2027/5/18 0:00,2026/5/18,本地,21,31,71,否,
P0012,351283,24992,待退货处理,2026/6/5 0:00,326291,WH004,2027/5/18 0:00,2026/5/31,本地,25,44,119,否,
P0013,42229,5154,盘亏待确认,2026/6/25 0:00,37075,WH001,2036/5/15 0:00,2026/6/3,本地,19,35,93,是,供应商质量问题整改中
P0013,42229,5154,过期待报废,2026/6/24 0:00,37075,WH003,2036/5/15 0:00,2026/6/6,本地,14,27,66,否,
P0013,42229,5154,待退货处理,2026/7/2 0:00,37075,WH004,2036/5/15 0:00,2026/6/2,本地,31,59,153,否,
P0014,226764,26830,客户预留,2026/6/10 0:00,199934,WH004,2027/5/18 0:00,2026/5/29,本地,28,47,124,否,
P0014,226764,26830,质量待评审,2026/6/20 0:00,199934,WH003,2027/5/18 0:00,2026/6/7,本地,36,57,123,否,
P0015,382858,27745,待退货处理,2026/5/27 0:00,355113,WH002,2027/5/18 0:00,2026/5/22,本地,53,85,236,否,
P0015,382858,27745,待质检确认,2026/6/9 0:00,355113,WH003,2027/5/18 0:00,2026/5/27,本地,55,97,276,否,
P0016,37260,3707,质量待评审,2026/6/23 0:00,33553,WH004,2027/5/18 0:00,2026/6/6,本地,25,38,105,否,
P0017,138907,4353,批次隔离,2026/6/13 0:00,134554,WH004,2027/5/18 0:00,2026/6/7,本地,18,28,63,否,
P0017,138907,4353,质量待评审,2026/6/7 0:00,134554,WH003,2027/5/18 0:00,2026/5/28,本地,21,34,72,否,
P0017,138907,4353,质量待评审,2026/8/25 0:00,134554,WH001,2027/5/18 0:00,2026/5/28,本地,31,49,132,否,
P0018,360796,43687,质量待评审,2026/6/25 0:00,317109,WH003,2028/5/17 0:00,2026/6/6,本地,36,69,186,否,
P0018,360796,43687,过期待报废,2026/6/4 0:00,317109,WH004,2028/5/17 0:00,2026/5/20,本地,17,30,64,否,
P0019,163486,19352,待质检确认,2026/6/3 0:00,144134,WH001,2027/5/18 0:00,2026/5/26,本地,28,43,94,否,
P0019,163486,19352,批次隔离,2026/6/20 0:00,144134,WH003,2027/5/18 0:00,2026/6/5,本地,19,33,98,否,
P0019,163486,19352,过期待报废,2026/6/9 0:00,144134,WH002,2027/5/18 0:00,2026/5/24,本地,29,55,141,否,
P0020,45994,6816,待质检确认,2026/8/10 0:00,39178,WH001,2029/5/17 0:00,2026/5/22,本地,20,39,101,否,
P0020,45994,6816,质量待评审,2026/7/23 0:00,39178,WH002,2029/5/17 0:00,2026/5/18,本地,40,61,171,否,
P0021,383399,35007,待质检确认,2026/7/1 0:00,348392,WH003,2029/5/17 0:00,2026/6/3,本地,18,34,88,否,
P0022,384932,27259,待退货处理,2026/6/6 0:00,357673,WH004,2028/5/17 0:00,2026/5/31,本地,35,58,166,否,
P0022,384932,27259,批次隔离,2026/6/16 0:00,357673,WH001,2028/5/17 0:00,2026/6/4,本地,42,66,136,否,
P0023,171022,23625,客户退货待处理,2026/6/9 0:00,147397,WH001,2036/5/15 0:00,2026/5/27,本地,40,69,177,否,
P0023,171022,23625,客户预留,2026/7/12 0:00,147397,WH002,2036/5/15 0:00,2026/5/18,本地,29,48,96,否,
P0024,21269,2691,质量待评审,2026/5/28 0:00,18578,WH003,2027/5/18 0:00,2026/5/21,本地,22,40,115,否,
P0024,21269,2691,批次隔离,2026/6/5 0:00,18578,WH004,2027/5/18 0:00,2026/5/31,本地,47,77,214,否,
P0025,319595,28719,质量待评审,2026/6/16 0:00,290876,WH001,2028/5/17 0:00,2026/6/7,本地,28,43,106,否,
P0026,27297,3476,质量待评审,2026/6/11 0:00,23821,WH001,2036/5/15 0:00,2026/6/3,本地,41,76,158,否,
P0027,208269,28353,质量待评审,2026/6/17 0:00,179916,WH004,2028/5/17 0:00,2026/5/22,本地,36,62,125,否,
P0027,208269,28353,过期待报废,2026/5/25 0:00,179916,WH003,2028/5/17 0:00,2026/5/18,本地,37,60,176,否,
P0027,208269,28353,批次隔离,2026/6/24 0:00,179916,WH001,2028/5/17 0:00,2026/5/28,本地,32,51,130,否,
P0028,219674,9228,批次隔离,2026/5/31 0:00,210446,WH002,2029/5/17 0:00,2026/5/22,本地,29,45,115,否,
P0028,219674,9228,供应商质量异常,2026/6/15 0:00,210446,WH004,2029/5/17 0:00,2026/5/21,本地,40,76,199,否,
P0029,155316,21733,盘亏待确认,2026/6/14 0:00,133583,WH003,2028/5/17 0:00,2026/6/2,本地,19,29,68,否,
P0030,341373,29051,客户预留,2026/6/29 0:00,312322,WH001,2027/5/18 0:00,2026/5/18,本地,22,33,97,否,
P0030,341373,29051,待质检确认,2026/6/21 0:00,312322,WH002,2027/5/18 0:00,2026/5/26,本地,39,73,159,否,
P0031,318869,27685,客户预留,2026/6/29 0:00,291184,WH003,2028/5/17 0:00,2026/5/29,本地,21,33,83,否,
P0031,318869,27685,质量待评审,2026/6/9 0:00,291184,WH001,2028/5/17 0:00,2026/6/3,本地,15,28,83,否,
P0031,318869,27685,质量待评审,2026/6/16 0:00,291184,WH002,2028/5/17 0:00,2026/5/30,本地,21,35,98,否,
P0032,164739,9239,质量待评审,2026/7/6 0:00,155500,WH003,2029/5/17 0:00,2026/6/6,本地,33,54,111,否,
P0032,164739,9239,供应商质量异常,2026/6/28 0:00,155500,WH002,2029/5/17 0:00,2026/6/5,本地,20,37,94,否,
P0033,234015,15767,客户退货待处理,2026/6/26 0:00,218248,WH001,2028/5/17 0:00,2026/5/30,本地,47,82,200,否,
P0033,234015,15767,过期待报废,2026/6/19 0:00,218248,WH004,2028/5/17 0:00,2026/5/23,本地,33,62,138,否,
P0033,234015,15767,待退货处理,2026/5/28 0:00,218248,WH002,2028/5/17 0:00,2026/5/20,本地,33,62,128,否,
P0034,359235,38421,待退货处理,2026/6/11 0:00,320814,WH002,2027/5/18 0:00,2026/6/1,本地,55,94,220,否,
P0034,359235,38421,客户退货待处理,2026/6/24 0:00,320814,WH003,2027/5/18 0:00,2026/5/27,本地,25,43,115,否,
P0034,359235,38421,待质检确认,2026/6/16 0:00,320814,WH004,2027/5/18 0:00,2026/5/28,本地,35,55,140,否,
P0035,315520,10835,客户退货待处理,2026/6/14 0:00,304685,WH004,2029/5/17 0:00,2026/5/31,本地,33,55,136,否,
P0036,166315,20962,客户预留,2026/7/9 0:00,145353,WH003,2027/5/18 0:00,2026/5/28,本地,37,69,161,否,
P0037,193608,26773,盘亏待确认,2026/5/26 0:00,166835,WH003,2027/5/18 0:00,2026/5/21,本地,32,53,125,否,
P0038,137386,7417,客户预留,2026/7/11 0:00,129969,WH002,2027/5/18 0:00,2026/6/1,本地,41,76,201,否,
P0038,137386,7417,盘亏待确认,2026/6/13 0:00,129969,WH001,2027/5/18 0:00,2026/5/19,本地,45,84,177,否,
P0039,155457,9630,待质检确认,2026/6/25 0:00,145827,WH002,2027/5/18 0:00,2026/5/27,本地,56,100,245,否,
P0040,182158,11659,客户退货待处理,2026/6/5 0:00,170499,WH001,2028/5/17 0:00,2026/5/20,本地,39,61,147,否,
P0040,182158,11659,质量待评审,2026/7/14 0:00,170499,WH004,2028/5/17 0:00,2026/6/3,本地,27,48,98,否,
P0041,161518,9753,待退货处理,2026/6/18 0:00,151765,WH002,2027/5/18 0:00,2026/5/30,本地,37,58,120,是,成本超标-待重新议价
P0041,161518,9753,质量待评审,2026/6/19 0:00,151765,WH001,2027/5/18 0:00,2026/5/30,本地,53,93,234,否,
P0041,161518,9753,客户预留,2026/8/7 0:00,151765,WH004,2027/5/18 0:00,2026/5/29,本地,29,52,150,否,
P0042,324194,45638,待退货处理,2026/6/20 0:00,278556,WH003,2028/5/17 0:00,2026/6/3,本地,53,102,219,否,
P0043,349319,45630,质量待评审,2026/6/23 0:00,303689,WH002,2029/5/17 0:00,2026/6/2,本地,22,37,88,否,
P0044,120748,13527,批次隔离,2026/6/11 0:00,107221,WH004,2028/5/17 0:00,2026/5/28,本地,43,67,140,否,
P0044,120748,13527,待质检确认,2026/8/11 0:00,107221,WH003,2028/5/17 0:00,2026/5/18,本地,44,79,168,否,
P0044,120748,13527,质量待评审,2026/7/12 0:00,107221,WH002,2028/5/17 0:00,2026/6/5,本地,54,107,258,否,
P0045,47972,3928,客户退货待处理,2026/6/3 0:00,44044,WH001,2029/5/17 0:00,2026/5/21,本地,24,42,117,否,
P0046,137938,12899,客户预留,2026/6/25 0:00,125039,WH004,2028/5/17 0:00,2026/6/7,本地,20,38,94,否,
P0046,137938,12899,待退货处理,2026/6/2 0:00,125039,WH003,2028/5/17 0:00,2026/5/24,本地,21,39,110,否,
P0047,41120,5545,客户退货待处理,2026/6/7 0:00,35575,WH001,2029/5/17 0:00,2026/5/29,本地,21,34,75,否,
P0047,41120,5545,批次隔离,2026/6/8 0:00,35575,WH004,2029/5/17 0:00,2026/6/5,本地,25,45,100,否,
P0048,182146,11068,质量待评审,2026/6/15 0:00,171078,WH003,2029/5/17 0:00,2026/6/3,本地,24,39,101,否,
P0048,182146,11068,待质检确认,2026/7/5 0:00,171078,WH004,2029/5/17 0:00,2026/6/6,本地,54,94,205,是,长期合作终止-寻找替代料
P0048,182146,11068,质量待评审,2026/6/22 0:00,171078,WH001,2029/5/17 0:00,2026/6/5,本地,28,46,96,是,成本超标-待重新议价
P0049,23778,2392,客户退货待处理,2026/6/25 0:00,21386,WH001,2029/5/17 0:00,2026/6/2,本地,20,35,82,否,
P0049,23778,2392,客户预留,2026/6/26 0:00,21386,WH003,2029/5/17 0:00,2026/5/25,本地,34,53,152,否,
P0050,27869,675,待质检确认,2026/6/27 0:00,27194,WH004,2029/5/17 0:00,2026/5/21,本地,15,27,60,否,
M0214,1938,0,,,1938,WH005,2036/5/23,2026/6/12,在途,298,591,1335,否,
M0029,9225081,733405,,,8491676,WH007,2028/5/28,2026/6/12,在途,341,596,1347,否,
M0007,3938526,180496,,,3758030,WH007,2029/4/18,2026/6/12,在途,85,134,343,否,
M0240,1321,0,,,1321,WH005,2036/4/11,2026/6/12,在途,337,532,1093,否,
M0071,12047582,1639530,,,10408052,WH006,2027/6/11,2026/6/12,在途,285,560,1198,否,
M0063,14348124,1628015,,,12720109,WH007,2028/4/4,2026/6/12,在途,396,610,1473,否,
M0058,13913886,1221976,,,12691910,WH005,2036/4/15,2026/6/12,在途,379,569,1346,否,
M0036,7454299,398122,,,7056177,WH006,2027/5/10,2026/6/12,在途,96,144,309,否,
M0239,1125,0,,,1125,WH006,2036/3/21,2026/6/12,在途,214,403,1131,否,
M0027,3634494,171090,,,3463404,WH007,2036/5/21,2026/6/12,在途,158,310,708,否,
M0224,865,0,,,865,WH006,2036/4/3,2026/6/12,在途,229,397,950,是,供应商产能不足暂停供货
M0297,1981,0,,,1981,WH005,2026/6/10,2026/6/12,在途,360,661,1795,否,
M0279,329,0,,,329,WH005,2028/5/12,2026/6/12,在途,82,130,272,否,
M0140,1898,0,,,1898,WH005,2029/4/10,2026/6/12,在途,312,596,1322,否,
M0023,8354848,850593,,,7504255,WH007,2027/5/27,2026/6/12,在途,402,646,1301,否,
M0202,1451,0,,,1451,WH005,2036/4/3,2026/6/12,在途,388,669,1991,否,
M0109,3514292,236300,,,3277992,WH006,2036/4/1,2026/6/12,在途,441,796,2007,否,
M0009,3118368,334562,,,2783806,WH007,2036/4/19,2026/6/12,在途,325,561,1586,否,
M0008,628091,51245,,,576846,WH005,2026/10/4,2026/6/12,在途,433,689,1981,否,
M0024,12358257,1247715,,,11110542,WH005,2029/4/29,2026/6/12,在途,257,479,1416,否,
M0056,10633106,918331,,,9714775,WH005,2026/11/11,2026/6/12,在途,24,41,88,否,
M0060,83560,9822,,,73738,WH005,2036/6/5,2026/6/12,在途,19,36,72,否,
M0130,67918,7528,,,60390,WH007,2027/5/8,2026/6/12,在途,548,920,2710,否,
M0205,1470,0,,,1470,WH007,2027/3/31,2026/6/12,在途,240,400,844,否,
M0298,1280,0,,,1280,WH007,2036/4/18,2026/6/12,在途,220,360,1069,否,
M0144,3694874,188859,,,3506015,WH007,2027/4/28,2026/6/12,在途,87,155,378,否,
M0051,37334655,2268486,,,35066169,WH006,2026/12/3,2026/6/12,在途,283,470,1296,否,
M0234,1479,0,,,1479,WH005,2036/4/27,2026/6/12,在途,223,342,744,否,
M0217,1739,0,,,1739,WH005,2036/4/2,2026/6/12,在途,455,866,1994,否,
M0230,1018,0,,,1018,WH005,2036/4/11,2026/6/12,在途,223,428,1073,否,
M0287,611,0,,,611,WH007,2028/4/2,2026/6/12,在途,143,270,725,否,
M0108,7419526,754245,,,6665281,WH007,2027/6/1,2026/6/12,在途,62,109,284,否,
M0057,7554264,761435,,,6792829,WH005,2026/10/9,2026/6/12,在途,587,1030,2189,否,
M0115,3871667,223505,,,3648162,WH005,2027/6/12,2026/6/12,在途,83,137,368,否,
M0201,899,0,,,899,WH005,2036/3/12,2026/6/12,在途,169,256,689,否,
M0072,1596,0,,,1596,WH005,2036/5/3,2026/6/12,在途,303,511,1114,否,
M0258,545,0,,,545,WH007,2036/6/2,2026/6/12,在途,129,214,504,是,技术规格变更过渡期
M0002,96003,5584,,,90419,WH005,2036/4/9,2026/6/12,在途,396,759,2147,否,
M0245,1129,0,,,1129,WH005,2036/4/5,2026/6/12,在途,224,414,980,否,
M0257,264,0,,,264,WH007,2036/3/15,2026/6/12,在途,43,82,217,否,
M0041,12188876,1132197,,,11056679,WH005,2027/4/1,2026/6/12,在途,385,674,2019,否,
M0229,604,0,,,604,WH005,2036/5/30,2026/6/12,在途,97,161,335,否,
M0284,958,0,,,958,WH007,2028/5/2,2026/6/12,在途,215,341,745,否,
M0088,6636109,399521,,,6236588,WH005,2029/4/22,2026/6/12,在途,151,301,628,否,
M0265,368,0,,,368,WH005,2028/6/2,2026/6/12,在途,103,194,535,否,
M0040,13130810,839705,,,12291105,WH006,2036/5/28,2026/6/12,在途,22,36,107,是,供应商产能不足暂停供货
M0280,250,0,,,250,WH007,2028/5/26,2026/6/12,在途,54,83,202,否,
M0246,814,0,,,814,WH005,2036/5/20,2026/6/12,在途,229,379,966,否,
M0087,4083291,171703,,,3911588,WH007,2036/3/18,2026/6/12,在途,175,315,833,否,
M0291,1183,0,,,1183,WH005,2026/3/20,2026/6/12,在途,349,694,1509,否,
M0281,312,0,,,312,WH005,2028/5/29,2026/6/12,在途,90,165,339,是,RoHS检测超标
M0098,1620,0,,,1620,WH005,2027/3/27,2026/6/12,在途,468,778,1611,否,
M0025,4095134,85141,,,4009993,WH005,2036/3/20,2026/6/12,在途,132,234,510,否,
M0092,1846,0,,,1846,WH005,2029/6/5,2026/6/12,在途,305,463,1045,否,
M0089,4140752,327729,,,3813023,WH007,2026/12/4,2026/6/12,在途,49,89,185,否,
M0277,107,0,,,107,WH007,2028/5/9,2026/6/12,在途,23,44,110,否,
M0068,430,0,,,430,WH007,2026/10/16,2026/6/12,在途,90,145,304,否,
M0012,3132281,188413,,,2943868,WH005,2036/3/13,2026/6/12,在途,294,485,1149,否,
M0237,1951,0,,,1951,WH005,2036/4/23,2026/6/12,在途,366,572,1633,否,
M0118,1292,0,,,1292,WH005,2028/6/6,2026/6/12,在途,338,613,1594,否,
M0138,3450661,329246,,,3121415,WH006,2027/5/17,2026/6/12,在途,203,310,885,否,
M0032,1194413,103914,,,1090499,WH005,2027/4/2,2026/6/12,在途,357,664,1447,否,
M0097,8106181,412291,,,7693890,WH007,2028/5/12,2026/6/12,在途,524,794,2233,否,
M0021,57524543,6512339,,,51012204,WH006,2027/6/9,2026/6/12,在途,402,723,1465,否,
M0142,16144670,1770215,,,14374455,WH007,2029/4/20,2026/6/12,在途,109,212,459,否,
M0076,7573209,184063,,,7389146,WH005,2026/9/11,2026/6/12,在途,330,529,1441,否,
M0211,321,0,,,321,WH006,2036/5/12,2026/6/12,在途,63,107,305,否,
M0209,508,0,,,508,WH005,2036/5/11,2026/6/12,在途,135,230,641,否,
M0093,6411325,519875,,,5891450,WH005,2036/5/5,2026/6/12,在途,115,201,498,否,
M0148,1870,0,,,1870,WH005,2036/4/5,2026/6/12,在途,542,1037,2511,否,
M0050,11172570,686500,,,10486070,WH005,2028/6/8,2026/6/12,在途,241,450,912,否,
M0018,5478908,329945,,,5148963,WH007,2027/5/10,2026/6/12,在途,98,195,572,否,
M0243,178,0,,,178,WH005,2036/4/30,2026/6/12,在途,43,69,151,否,
M0220,993,0,,,993,WH005,2036/3/28,2026/6/12,在途,206,311,875,否,
M0059,1153760,73737,,,1080023,WH007,2028/6/11,2026/6/12,在途,120,220,449,否,
M0075,39188,826,,,38362,WH005,2036/6/1,2026/6/12,在途,321,623,1743,否,
M0242,1460,0,,,1460,WH005,2036/5/25,2026/6/12,在途,376,595,1225,否,
M0288,1574,0,,,1574,WH005,2026/4/21,2026/6/12,在途,284,515,1240,否,
M0026,4151513,492682,,,3658831,WH007,2036/5/16,2026/6/12,在途,187,372,829,否,
M0249,961,0,,,961,WH007,2036/5/18,2026/6/12,在途,167,305,658,否,
M0256,1360,0,,,1360,WH005,2036/6/9,2026/6/12,在途,399,743,1850,否,
M0117,10893604,424161,,,10469443,WH005,2036/3/27,2026/6/12,在途,153,288,673,否,
M0213,1342,0,,,1342,WH005,2036/4/14,2026/6/12,在途,346,577,1175,否,
M0094,5267597,617919,,,4649678,WH005,2027/5/22,2026/6/12,在途,290,560,1173,否,
M0042,6590444,424789,,,6165655,WH007,2036/3/20,2026/6/12,在途,308,463,1239,否,
M0095,8520152,1012600,,,7507552,WH007,2027/5/13,2026/6/12,在途,408,808,1707,否,
M0091,1477,0,,,1477,WH007,2029/5/24,2026/6/12,在途,317,529,1218,否,
M0054,7304407,834514,,,6469893,WH006,2026/9/22,2026/6/12,在途,22,42,107,否,
M0069,1840,0,,,1840,WH005,2027/3/24,2026/6/12,在途,375,653,1584,否,
M0019,5600479,406670,,,5193809,WH005,2027/5/12,2026/6/12,在途,356,577,1696,否,
M0206,402,0,,,402,WH006,2027/5/30,2026/6/12,在途,67,124,253,否,
M0044,15847348,999520,,,14847828,WH005,2029/3/14,2026/6/12,在途,397,776,1855,否,
M0137,1160,0,,,1160,WH007,2026/11/24,2026/6/12,在途,210,347,719,否,
M0295,1034,0,,,1034,WH007,2026/4/2,2026/6/12,在途,164,319,939,否,
M0216,1319,0,,,1319,WH007,2036/4/6,2026/6/12,在途,211,420,1077,否,
M0119,973,0,,,973,WH006,2028/4/12,2026/6/12,在途,291,489,1396,否,
M0221,1021,0,,,1021,WH007,2036/5/5,2026/6/12,在途,291,501,1009,否,
M0070,5027423,364597,,,4662826,WH007,2027/5/8,2026/6/12,在途,268,531,1439,否,
M0143,5288262,389326,,,4898936,WH005,2029/4/30,2026/6/12,在途,201,338,769,否,
M0268,754,0,,,754,WH005,2036/5/11,2026/6/12,在途,131,224,509,否,
M0084,328407,35144,,,293263,WH007,2027/6/4,2026/6/12,在途,232,423,1143,否,
M0015,825039,24017,,,801022,WH007,2036/4/17,2026/6/12,在途,142,233,633,否,
M0226,227,0,,,227,WH005,2036/3/27,2026/6/12,在途,34,55,125,否,
M0283,1524,0,,,1524,WH005,2028/6/11,2026/6/12,在途,373,588,1199,否,
M0081,1608103,126297,,,1481806,WH006,2027/4/20,2026/6/12,在途,157,268,737,否,
M0103,4526721,474489,,,4052232,WH007,2027/5/15,2026/6/12,在途,331,611,1247,否,
M0212,1099,0,,,1099,WH005,2036/6/6,2026/6/12,在途,288,470,1167,否,
M0017,19807571,1292423,,,18515148,WH007,2026/10/11,2026/6/12,在途,158,273,700,是,技术规格变更过渡期
M0055,2642003,227944,,,2414059,WH007,2036/4/20,2026/6/12,在途,302,481,1069,否,
M0146,4936762,234449,,,4702313,WH005,2036/4/16,2026/6/12,在途,341,547,1553,否,
M0236,377,0,,,377,WH005,2036/4/22,2026/6/12,在途,88,168,370,否,
M0128,10883383,682890,,,10200493,WH005,2036/4/22,2026/6/12,在途,182,325,668,否,
M0102,4534890,213735,,,4321155,WH007,2036/4/10,2026/6/12,在途,125,208,623,否,
M0241,4000543,384899,,,3615644,WH005,2036/4/26,2026/6/12,在途,27,52,154,否,
M0037,16036296,870405,,,15165891,WH007,2028/3/20,2026/6/12,在途,143,223,623,否,
M0244,182,0,,,182,WH005,2036/6/7,2026/6/12,在途,54,104,287,否,
M0293,1372,0,,,1372,WH005,2026/3/19,2026/6/12,在途,242,365,751,否,
M0064,12248681,541979,,,11706702,WH005,2029/5/10,2026/6/12,在途,61,98,270,否,
M0135,7481269,1028035,,,6453234,WH007,2027/5/29,2026/6/12,在途,262,398,1078,否,
M0110,1692,0,,,1692,WH005,2027/6/9,2026/6/12,在途,313,611,1670,否,
P0096,422430,61992,,,360438,WH001,,2026/6/16,本地,500,1000,3000,否,
P0056,339598,42162,,,297436,WH001,,2026/6/16,本地,500,1000,3000,否,
P0059,385229,17364,,,367865,WH001,,2026/6/16,本地,500,1000,3000,否,
P0087,368308,15309,,,352999,WH001,,2026/6/16,本地,500,1000,3000,否,
P0052,386552,46947,,,339605,WH001,,2026/6/16,本地,500,1000,3000,否,
P0100,346647,44870,,,301777,WH001,,2026/6/16,本地,500,1000,3000,否,
P0078,369983,15016,,,354967,WH001,,2026/6/16,本地,500,1000,3000,否,
P0092,312441,29359,,,283082,WH001,,2026/6/16,本地,500,1000,3000,否,
P0062,381954,11296,,,370658,WH001,,2026/6/16,本地,500,1000,3000,否,
P0069,301445,30366,,,271079,WH001,,2026/6/16,本地,500,1000,3000,否,
P0051,328170,9056,,,319114,WH001,,2026/6/16,本地,500,1000,3000,否,
P0070,367424,13116,,,354308,WH001,,2026/6/16,本地,500,1000,3000,否,
P0068,369348,8722,,,360626,WH001,,2026/6/16,本地,500,1000,3000,否,
P0086,336700,12218,,,324482,WH001,,2026/6/16,本地,500,1000,3000,否,
P0088,203644,12985,,,190659,WH001,,2026/6/16,本地,500,1000,3000,否,
P0061,161386,21538,,,139848,WH001,,2026/6/16,本地,500,1000,3000,否,
P0063,206580,18500,,,188080,WH001,,2026/6/16,本地,500,1000,3000,否,
P0091,180121,6269,,,173852,WH001,,2026/6/16,本地,500,1000,3000,否,
P0058,188226,18061,,,170165,WH001,,2026/6/16,本地,500,1000,3000,否,
P0060,227589,11488,,,216101,WH001,,2026/6/16,本地,500,1000,3000,否,
P0081,147252,17888,,,129364,WH001,,2026/6/16,本地,500,1000,3000,否,
P0075,192007,12252,,,179755,WH001,,2026/6/16,本地,500,1000,3000,否,
P0095,157698,14334,,,143364,WH001,,2026/6/16,本地,500,1000,3000,否,
P0054,162010,23698,,,138312,WH001,,2026/6/16,本地,500,1000,3000,否,
P0082,164019,12766,,,151253,WH001,,2026/6/16,本地,500,1000,3000,否,
P0080,223373,21161,,,202212,WH001,,2026/6/16,本地,500,1000,3000,否,
P0098,218057,11887,,,206170,WH001,,2026/6/16,本地,500,1000,3000,否,
P0084,149229,16113,,,133116,WH001,,2026/6/16,本地,500,1000,3000,否,
P0072,212460,19536,,,192924,WH001,,2026/6/16,本地,500,1000,3000,否,
P0066,155646,16940,,,138706,WH001,,2026/6/16,本地,500,1000,3000,否,
P0094,149160,21286,,,127874,WH001,,2026/6/16,本地,500,1000,3000,否,
P0071,213729,10506,,,203223,WH001,,2026/6/16,本地,500,1000,3000,否,
P0057,192437,12375,,,180062,WH001,,2026/6/16,本地,500,1000,3000,否,
P0053,50534,1378,,,49156,WH001,,2026/6/16,本地,500,1000,3000,否,
P0090,51136,1984,,,49152,WH001,,2026/6/16,本地,500,1000,3000,否,
P0099,28445,687,,,27758,WH001,,2026/6/16,本地,500,1000,3000,否,
P0085,46105,5520,,,40585,WH001,,2026/6/16,本地,500,1000,3000,否,
P0089,33716,4087,,,29629,WH001,,2026/6/16,本地,500,1000,3000,否,
P0093,39630,3120,,,36510,WH001,,2026/6/16,本地,500,1000,3000,否,
P0067,45897,4506,,,41391,WH001,,2026/6/16,本地,500,1000,3000,否,
P0077,29416,3945,,,25471,WH001,,2026/6/16,本地,500,1000,3000,否,
P0055,45929,4695,,,41234,WH001,,2026/6/16,本地,500,1000,3000,否,
P0079,29652,3749,,,25903,WH001,,2026/6/16,本地,500,1000,3000,否,
P0083,20920,1933,,,18987,WH001,,2026/6/16,本地,500,1000,3000,否,
P0076,39474,5689,,,33785,WH001,,2026/6/16,本地,500,1000,3000,否,
P0097,43491,3029,,,40462,WH001,,2026/6/16,本地,500,1000,3000,否,
P0074,41836,4366,,,37470,WH001,,2026/6/16,本地,500,1000,3000,否,
P0064,19848,1837,,,18011,WH001,,2026/6/16,本地,500,1000,3000,否,
P0065,44153,3093,,,41060,WH001,,2026/6/16,本地,500,1000,3000,否,
P0073,21240,2973,,,18267,WH001,,2026/6/16,本地,500,1000,3000,否,
