产线ID,产线名称,可生产产品,每日可用工时,班次数,每班工时,每周生产天数,定编人数,在岗人数,日产能上限,换线时间(小时/次),计划维护停机时长(小时),维护生效日期,维护失效日期
L0001,DIP插件线 #001,"P0002,P0073",18,3,6,5,4,3,1608,1,0,2026/10/18,2026/10/19
L0002,老化线 #002,"P0083,P0089,P0002,P0037,P0015,P0020,P0008,P0083",12,1,12,6,8,6,392,8,0,2026/12/22,2026/12/24
L0003,SMT贴片线 #003,"P0074,P0065,P0040,P0091,P0030",24,1,24,7,9,9,685,4,8,2026/7/20 0:00,2026/8/1 0:00
L0004,老化线 #004,P0029,12,2,6,5,20,17,1470,2,8,2026/6/19 0:00,2026/7/13 0:00
L0005,老化线 #005,"P0007,P0048,P0083",12,3,4,7,6,3,1192,8,8,2026/7/10 0:00,2026/7/13 0:00
L0006,老化线 #006,"P0037,P0021,P0070,P0014",12,2,6,5,7,7,640,3,0,2026/12/20,2026/12/22
L0007,DIP插件线 #007,"P0035,P0011,P0073,P0073",12,3,4,5,13,12,1342,8,0,2026/10/13,2026/10/15
L0008,SMT贴片线 #008,"P0097,P0037,P0051,P0065,P0025,P0041",24,2,12,5,5,3,552,3,0,2026/10/21,2026/10/24
L0009,老化线 #009,"P0004,P0076,P0049",16,1,16,7,7,5,467,8,4,2026/6/4 0:00,2026/7/26 0:00
L0010,维修线 #010,"P0088,P0084,P0019,P0099",24,1,24,6,9,8,1071,1,8,2026/6/3 0:00,2026/6/21 0:00
L0011,波峰焊线 #011,"P0047,P0080,P0056,P0006,P0092",24,3,8,7,20,18,2262,2,0,2026/12/3,2026/12/6
L0012,老化线 #012,P0019,12,1,12,7,6,5,458,4,0,2026/7/28,2026/7/31
L0013,测试线 #013,"P0036,P0074",24,1,24,6,7,4,574,3,0,2026/7/8,2026/7/11
L0014,包装线 #014,"P0084,P0018,P0016,P0073,P0063,P0006,P0047,P0037",16,1,16,5,9,6,332,4,0,2026/11/4,2026/11/6
L0015,老化线 #015,"P0011,P0088,P0053,P0065,P0058,P0034",18,3,6,7,8,5,1613,6,0,2026/8/26,2026/8/28
L0016,SMT贴片线 #016,"P0021,P0073,P0052,P0010,P0029,P0050,P0060",24,3,8,5,11,11,1076,1,0,2026/11/5,2026/11/8
L0017,DIP插件线 #017,"P0099,P0056,P0026,P0052,P0043,P0009,P0041",16,2,8,6,18,18,354,8,0,2026/11/5,2026/11/6
L0018,包装线 #018,"P0082,P0028,P0041",24,2,12,5,19,19,1052,1,4,2026/6/11 0:00,2026/7/22 0:00
L0019,SMT贴片线 #019,"P0003,P0098,P0088,P0055",24,2,12,5,15,12,2942,2,0,2026/9/17,2026/9/18
L0020,测试线 #020,"P0092,P0058,P0054,P0068,P0028",15,3,5,5,6,5,487,4,0,2026/8/29,2026/8/31
L0021,测试线 #021,"P0045,P0054,P0062,P0061",12,1,12,5,17,15,725,3,0,2026/9/18,2026/9/19
L0022,波峰焊线 #022,"P0093,P0086",20,2,10,7,16,16,1512,6,0,2026/7/25,2026/7/26
L0023,波峰焊线 #023,"P0041,P0015,P0087,P0053,P0034,P0067,P0093,P0001",15,3,5,7,14,14,706,4,0,2026/7/24,2026/7/26
L0024,维修线 #024,"P0077,P0049,P0028",12,3,4,6,7,7,668,2,0,2026/7/8,2026/7/9
L0025,包装线 #025,"P0065,P0016,P0090,P0064,P0084",12,1,12,7,4,2,624,1,0,2026/8/25,2026/8/26
L0026,维修线 #026,"P0059,P0055,P0048",20,2,10,6,15,12,1427,3,0,2026/9/16,2026/9/19
L0027,波峰焊线 #027,"P0090,P0080,P0013,P0012,P0014",24,3,8,5,17,14,1604,8,8,2026/7/17 0:00,2026/8/12 0:00
L0028,DIP插件线 #028,"P0065,P0075,P0005,P0086,P0038,P0054,P0028,P0029",6,3,2,6,7,4,1162,6,4,2026/6/4 0:00,2026/8/12 0:00
L0029,维修线 #029,"P0001,P0048,P0029,P0065,P0037,P0035,P0085",24,2,12,5,10,7,2866,3,16,2026/7/14 0:00,2026/7/21 0:00
L0030,测试线 #030,P0004,16,2,8,7,11,11,1820,4,0,2026/11/4,2026/11/5
L0031,波峰焊线 #031,"P0072,P0051,P0025,P0079",15,3,5,7,14,12,760,6,0,2026/10/31,2026/11/3
L0032,老化线 #032,"P0067,P0021,P0056,P0030,P0013,P0091",6,3,2,6,8,5,1469,2,0,2026/8/22,2026/8/25
L0033,波峰焊线 #033,"P0012,P0012,P0004,P0056",24,1,24,7,16,14,1280,2,0,,
L0034,SMT贴片线 #034,"P0082,P0081,P0100,P0046,P0024,P0031,P0084,P0029",24,1,24,5,6,3,184,8,0,2026/10/10,2026/10/12
L0035,测试线 #035,"P0081,P0003,P0082",12,3,4,5,16,14,1560,3,0,2026/10/19,2026/10/20
L0036,DIP插件线 #036,"P0010,P0064",8,2,4,7,7,7,228,3,0,2026/10/10,2026/10/13
L0037,包装线 #037,"P0049,P0041,P0082,P0058,P0021,P0024,P0039",12,2,6,5,19,19,709,4,8,2026/6/1 0:00,2026/6/18 0:00
L0038,SMT贴片线 #038,P0021,12,3,4,7,5,5,2201,3,0,2026/8/20,2026/8/23
L0039,测试线 #039,"P0015,P0028,P0004,P0042,P0018,P0029",8,1,8,7,4,4,283,2,0,2026/9/29,2026/10/1
L0040,DIP插件线 #040,"P0060,P0096,P0064,P0056,P0066",12,2,6,6,19,18,1437,3,8,2026/8/1 0:00,2026/8/14 0:00
L0041,老化线 #041,"P0027,P0093,P0063",12,2,6,5,10,8,1449,1,4,2026/7/1 0:00,2026/8/6 0:00
L0042,老化线 #042,"P0026,P0073,P0046,P0048,P0081,P0009,P0058",20,2,10,7,12,10,1652,6,0,2026/12/2,2026/12/5
L0043,波峰焊线 #043,P0015,6,3,2,6,17,15,965,8,4,2026/7/7 0:00,2026/7/12 0:00
L0044,波峰焊线 #044,"P0019,P0100,P0041,P0016,P0002,P0041",16,2,8,5,15,14,331,8,0,2026/7/26,2026/7/27
L0045,SMT贴片线 #045,"P0068,P0028,P0014,P0072",16,1,16,6,14,13,605,4,0,2026/9/12,2026/9/13
L0046,测试线 #046,"P0007,P0064,P0064,P0006",24,3,8,5,17,14,1737,3,0,2026/10/26,2026/10/27
L0047,测试线 #047,"P0074,P0003,P0037,P0003",20,1,20,5,18,17,802,6,0,2026/10/8,2026/10/9
L0048,SMT贴片线 #048,"P0083,P0003,P0009,P0061,P0013,P0054",20,2,10,5,16,16,2266,6,0,2026/10/22,2026/10/23
L0049,测试线 #049,P0051,16,2,8,6,16,16,1202,3,0,2026/8/16,2026/8/19
L0050,测试线 #050,"P0007,P0002,P0018,P0014",20,2,10,7,7,5,2360,1,0,,
L0051,包装线 #051,P0034,20,1,20,5,6,5,940,3,16,2026/5/23 0:00,2026/7/30 0:00
L0052,SMT贴片线 #052,"P0018,P0075,P0059",8,1,8,6,6,4,198,6,16,2026/6/26 0:00,2026/7/10 0:00
L0053,DIP插件线 #053,"P0085,P0063,P0036,P0042,P0099,P0094,P0062,P0029",12,2,6,5,17,14,1052,6,4,2026/6/22 0:00,2026/8/4 0:00
L0054,DIP插件线 #054,"P0010,P0064",16,2,8,7,6,4,1205,2,8,2026/6/18 0:00,2026/8/13 0:00
L0055,SMT贴片线 #055,"P0044,P0027",12,1,12,7,10,7,627,2,0,2026/12/6,2026/12/9
L0056,包装线 #056,"P0058,P0080,P0066,P0026,P0100,P0052,P0025",15,3,5,6,8,8,2768,2,0,2026/11/25,2026/11/26
L0057,DIP插件线 #057,P0059,16,2,8,5,13,13,465,1,8,2026/6/6 0:00,2026/6/22 0:00
L0058,波峰焊线 #058,"P0028,P0020,P0051,P0065,P0056,P0066,P0043",16,1,16,6,20,17,417,1,4,2026/6/2 0:00,2026/7/7 0:00
L0059,SMT贴片线 #059,"P0038,P0025,P0052,P0023",20,2,10,6,7,7,1709,8,0,,
L0060,测试线 #060,"P0015,P0007,P0005,P0074",24,3,8,6,20,17,892,1,8,2026/6/6 0:00,2026/6/23 0:00
L0061,测试线 #061,"P0013,P0029,P0094,P0089,P0035,P0064,P0027",12,1,12,7,7,5,228,6,8,2026/7/12 0:00,2026/7/13 0:00
L0062,波峰焊线 #062,"P0095,P0040,P0089,P0031,P0022,P0041,P0088,P0009",12,2,6,7,13,11,1141,1,0,2026/11/22,2026/11/23
L0063,波峰焊线 #063,P0023,12,2,6,6,8,8,1049,4,0,2026/12/12,2026/12/14
L0064,测试线 #064,"P0032,P0061,P0015,P0006,P0003,P0073,P0088,P0038",8,1,8,7,4,2,486,6,0,2026/7/13,2026/7/16
L0065,总装线 #065,"P0063,P0095,P0045,P0070,P0033,P0085,P0063,P0033",24,3,8,5,8,8,855,8,0,2026/12/24,2026/12/26
L0066,包装线 #066,"P0035,P0088",20,1,20,6,13,11,1128,8,16,2026/7/23 0:00,2026/8/7 0:00
L0067,SMT贴片线 #067,"P0096,P0012,P0025,P0049",12,2,6,5,8,6,822,2,4,2026/7/8 0:00,2026/7/17 0:00
L0068,DIP插件线 #068,"P0051,P0076,P0054,P0036,P0040,P0025",15,3,5,7,18,17,1016,8,0,2026/7/8,2026/7/9
L0069,SMT贴片线 #069,"P0002,P0064",24,3,8,7,14,14,2206,4,4,2026/6/28 0:00,2026/7/6 0:00
L0070,波峰焊线 #070,"P0063,P0037,P0009,P0038,P0002",18,3,6,5,20,18,2480,8,0,2026/9/11,2026/9/13
L0071,维修线 #071,"P0085,P0001,P0007,P0033,P0018,P0045",8,1,8,6,7,7,270,1,0,2026/9/6,2026/9/9
L0072,测试线 #072,"P0038,P0029",24,3,8,7,8,8,3338,2,8,2026/6/17 0:00,2026/7/17 0:00
L0073,SMT贴片线 #073,"P0077,P0040,P0023,P0073,P0056",20,2,10,5,16,13,1148,1,0,2026/10/29,2026/10/30
L0074,包装线 #074,"P0040,P0011,P0039,P0073,P0081",24,1,24,7,10,8,333,6,0,2026/12/7,2026/12/9
L0075,维修线 #075,"P0060,P0046,P0055,P0060,P0054,P0053",24,1,24,6,17,17,337,4,8,2026/7/2 0:00,2026/7/26 0:00
L0076,维修线 #076,"P0075,P0066,P0048,P0017",6,3,2,5,17,17,1170,6,0,2026/11/10,2026/11/12
L0077,测试线 #077,P0011,8,2,4,5,16,16,517,6,0,2026/11/17,2026/11/20
L0078,SMT贴片线 #078,"P0008,P0016,P0095,P0075,P0087,P0066",15,3,5,5,14,14,2519,6,0,2026/9/23,2026/9/26
L0079,SMT贴片线 #079,"P0093,P0001,P0063,P0080,P0089",12,3,4,5,19,18,678,8,8,2026/6/11 0:00,2026/6/30 0:00
L0080,总装线 #080,"P0061,P0004",8,1,8,5,8,8,284,2,0,2026/8/22,2026/8/25
L0081,维修线 #081,"P0079,P0088,P0057,P0085,P0079",20,1,20,5,13,10,669,2,16,2026/6/22 0:00,2026/7/31 0:00
L0082,DIP插件线 #082,"P0061,P0062,P0038,P0038",20,1,20,7,4,3,284,8,8,2026/6/13 0:00,2026/6/22 0:00
L0083,DIP插件线 #083,"P0055,P0019,P0004,P0037,P0059,P0016,P0073",24,2,12,6,12,9,1342,1,0,2026/12/18,2026/12/19
L0084,老化线 #084,"P0093,P0059,P0036,P0002,P0021,P0046,P0065,P0065",6,3,2,6,5,2,208,3,0,2026/10/25,2026/10/26
L0085,总装线 #085,"P0059,P0092,P0018,P0036,P0098,P0085",15,3,5,7,16,16,771,2,0,2026/8/15,2026/8/16
L0086,测试线 #086,"P0017,P0090,P0042,P0076,P0075",20,1,20,7,19,16,1208,6,8,2026/6/15 0:00,2026/8/4 0:00
L0087,包装线 #087,"P0013,P0086,P0014,P0064",24,3,8,6,6,6,570,8,0,2026/10/7,2026/10/10
L0088,维修线 #088,"P0008,P0079",16,1,16,7,11,11,910,2,8,2026/7/11 0:00,2026/7/15 0:00
L0089,测试线 #089,"P0014,P0090,P0058,P0049,P0018,P0082",8,1,8,7,6,3,394,6,8,2026/5/26 0:00,2026/6/14 0:00
L0090,总装线 #090,"P0068,P0025,P0012,P0075,P0004,P0081,P0086",12,2,6,6,18,16,454,8,0,2026/10/20,2026/10/23
L0091,DIP插件线 #091,"P0088,P0094,P0094",12,1,12,5,4,2,598,6,4,2026/6/1 0:00,2026/7/5 0:00
L0092,维修线 #092,"P0055,P0081,P0049,P0010,P0073,P0011,P0017,P0067",12,1,12,7,19,17,316,6,16,2026/5/31 0:00,2026/6/9 0:00
L0093,测试线 #093,"P0038,P0033,P0050,P0091",8,1,8,6,11,11,321,3,0,2026/10/17,2026/10/18
L0094,包装线 #094,P0070,8,1,8,6,6,5,434,6,4,2026/7/1 0:00,2026/7/13 0:00
L0095,DIP插件线 #095,"P0098,P0008,P0018,P0027,P0071,P0094",24,2,12,6,4,4,1213,3,0,2026/11/4,2026/11/7
L0096,包装线 #096,"P0071,P0062",8,1,8,6,6,6,206,1,0,2026/12/5,2026/12/6
L0097,波峰焊线 #097,"P0039,P0030,P0003,P0008,P0004,P0100,P0026,P0069",15,3,5,5,7,7,1641,2,8,2026/7/6 0:00,2026/7/17 0:00
L0098,老化线 #098,"P0090,P0055,P0071,P0018,P0015,P0057,P0016",6,3,2,6,5,2,1184,8,0,2026/11/29,2026/11/30
L0099,包装线 #099,"P0096,P0097,P0069,P0073,P0006,P0002,P0093",16,1,16,6,17,17,314,1,4,2026/5/24 0:00,2026/6/21 0:00
L0100,总装线 #100,"P0078,P0084,P0032,P0038,P0017,P0078",8,1,8,5,8,5,131,1,0,,
L0101,老化线 #101,"P0091,P0095,P0046,P0029,P0057,P0092,P0039,P0047",18,3,6,5,6,6,1219,6,0,2026/8/11,2026/8/12
L0102,测试线 #102,"P0011,P0027,P0018,P0067,P0030",12,3,4,6,14,14,334,4,8,2026/7/24 0:00,2026/8/10 0:00
L0103,测试线 #103,"P0015,P0003,P0064,P0005,P0035,P0036,P0076,P0050",24,1,24,5,15,14,198,2,8,2026/7/18 0:00,2026/8/14 0:00
L0104,测试线 #104,"P0006,P0029,P0027,P0049,P0024,P0085,P0056,P0069",8,1,8,6,16,13,58,4,0,2026/10/6,2026/10/7
L0105,SMT贴片线 #105,"P0097,P0004,P0044,P0093",16,1,16,7,15,15,919,3,16,2026/6/25 0:00,2026/8/6 0:00
L0106,老化线 #106,"P0055,P0074,P0093,P0073,P0099,P0067,P0034,P0021",18,3,6,7,5,5,2242,8,8,2026/6/28 0:00,2026/7/30 0:00
L0107,老化线 #107,"P0032,P0099",18,3,6,5,8,8,1322,8,0,2026/9/24,2026/9/25
L0108,测试线 #108,P0016,15,3,5,6,5,3,1277,8,0,2026/7/20,2026/7/23
L0109,测试线 #109,P0060,24,3,8,6,12,11,2247,1,0,2026/11/5,2026/11/7
L0110,SMT贴片线 #110,"P0009,P0057,P0024,P0034,P0099,P0036",16,2,8,7,10,7,305,1,0,2026/12/27,2026/12/28
L0111,测试线 #111,"P0015,P0084,P0005,P0024",20,1,20,5,9,8,1105,8,0,2026/9/4,2026/9/6
L0112,维修线 #112,P0087,24,2,12,5,11,11,2870,3,0,2026/10/17,2026/10/20
L0113,包装线 #113,"P0066,P0010",24,3,8,5,11,9,892,6,0,2026/10/3,2026/10/4
L0114,总装线 #114,"P0004,P0042,P0078",12,2,6,7,15,12,246,4,0,2026/11/20,2026/11/23
L0115,包装线 #115,"P0006,P0038,P0020,P0076,P0004,P0014",16,2,8,7,15,12,1896,3,4,2026/5/26 0:00,2026/6/12 0:00
L0116,总装线 #116,"P0049,P0098,P0084",15,3,5,7,20,18,2838,4,16,2026/5/27 0:00,2026/8/5 0:00
L0117,DIP插件线 #117,"P0085,P0068,P0067,P0057,P0041,P0035,P0025,P0074",8,1,8,7,20,17,293,1,16,2026/5/29 0:00,2026/7/29 0:00
L0118,测试线 #118,"P0057,P0094,P0053,P0047",12,2,6,5,15,14,765,8,0,,
L0119,DIP插件线 #119,"P0054,P0030,P0073,P0017,P0069,P0032,P0100,P0053",15,3,5,7,6,4,2064,6,0,2026/10/12,2026/10/14
L0120,波峰焊线 #120,"P0074,P0064,P0081",24,2,12,6,14,12,619,4,0,2026/10/2,2026/10/3
L0121,总装线 #121,"P0005,P0056,P0004",12,2,6,5,9,9,715,6,8,2026/6/4 0:00,2026/7/22 0:00
L0122,波峰焊线 #122,"P0090,P0072,P0031,P0092,P0038,P0016,P0044",8,1,8,7,20,17,457,3,0,2026/9/7,2026/9/8
L0123,包装线 #123,"P0081,P0058,P0095,P0056,P0038,P0097,P0062",24,3,8,7,7,7,749,3,0,,
L0124,波峰焊线 #124,"P0049,P0042,P0057,P0023,P0066,P0093,P0076,P0036",12,3,4,7,20,20,533,1,4,2026/7/9 0:00,2026/8/6 0:00
L0125,DIP插件线 #125,"P0042,P0050,P0041,P0097,P0023",12,2,6,6,14,14,912,6,4,2026/7/16 0:00,2026/7/27 0:00
L0126,波峰焊线 #126,"P0037,P0022,P0016,P0037,P0036,P0063",6,3,2,7,10,7,851,6,4,2026/6/4 0:00,2026/7/2 0:00
L0127,维修线 #127,"P0013,P0027,P0071",12,1,12,6,12,12,699,8,0,2026/8/1,2026/8/2
L0128,波峰焊线 #128,"P0037,P0074,P0055,P0094",6,3,2,5,10,10,809,1,0,2026/11/29,2026/12/2
L0129,维修线 #129,"P0064,P0034,P0012,P0018,P0036,P0094,P0086",24,1,24,6,13,13,1117,1,0,2026/9/29,2026/9/30
L0130,DIP插件线 #130,"P0059,P0081,P0095,P0066,P0087",16,1,16,7,11,11,394,6,0,2026/11/2,2026/11/4
L0131,DIP插件线 #131,P0032,16,1,16,6,7,5,271,6,8,2026/5/27 0:00,2026/8/11 0:00
L0132,波峰焊线 #132,"P0017,P0026,P0082,P0012,P0067",24,2,12,5,10,8,1569,4,16,2026/6/15 0:00,2026/7/25 0:00
L0133,总装线 #133,"P0079,P0049,P0081,P0075,P0031",8,2,4,5,19,18,739,1,0,2026/10/31,2026/11/2
L0134,包装线 #134,"P0077,P0046,P0070,P0062,P0038,P0013,P0029",18,3,6,7,9,7,3212,3,8,2026/7/24 0:00,2026/7/24 0:00
L0135,DIP插件线 #135,"P0041,P0085,P0015,P0045,P0090,P0051,P0091,P0017",16,2,8,6,14,13,1392,1,0,,
L0136,维修线 #136,"P0008,P0072,P0099,P0042,P0034,P0087,P0041",18,3,6,6,11,11,1357,6,0,2026/8/16,2026/8/17
L0137,老化线 #137,"P0044,P0082,P0006,P0040",20,2,10,6,16,14,2303,3,0,2026/9/15,2026/9/18
L0138,维修线 #138,"P0078,P0070,P0003",20,1,20,7,9,8,1002,1,4,2026/7/4 0:00,2026/8/9 0:00
L0139,SMT贴片线 #139,P0067,20,1,20,7,14,12,988,6,0,2026/9/4,2026/9/7
L0140,总装线 #140,"P0048,P0043,P0053",15,3,5,5,9,6,2621,2,0,,
L0141,总装线 #141,"P0063,P0006,P0021,P0037,P0039,P0004,P0030",24,3,8,5,4,4,3874,6,0,2026/9/27,2026/9/28
L0142,总装线 #142,"P0010,P0065",8,2,4,7,7,4,690,2,16,2026/6/2 0:00,2026/6/26 0:00
L0143,老化线 #143,"P0042,P0055,P0066,P0096,P0003",8,1,8,7,8,8,381,4,0,,
L0144,测试线 #144,"P0038,P0055,P0012,P0029,P0053,P0072,P0036",16,2,8,5,7,5,1945,6,0,2026/12/23,2026/12/24
L0145,维修线 #145,"P0058,P0029",15,3,5,7,20,19,1333,4,8,2026/7/9 0:00,2026/7/12 0:00
L0146,SMT贴片线 #146,"P0019,P0081,P0011,P0013,P0072,P0022",20,1,20,6,15,12,759,8,0,2026/9/14,2026/9/17
L0147,总装线 #147,P0099,18,3,6,5,6,5,1736,4,4,2026/6/21 0:00,2026/8/3 0:00
L0148,维修线 #148,P0035,16,2,8,6,14,13,266,8,4,2026/7/14 0:00,2026/8/7 0:00
L0149,总装线 #149,"P0091,P0062,P0066,P0072,P0095,P0094,P0011,P0014",24,2,12,7,19,17,2891,2,0,2026/7/17,2026/7/18
L0150,老化线 #150,"P0057,P0015,P0005,P0055",8,2,4,5,4,3,568,1,0,2026/9/29,2026/10/1
L0151,维修线 #151,"P0002,P0038,P0016,P0056,P0038,P0093,P0087",12,3,4,7,19,18,1742,6,0,2026/11/28,2026/12/1
L0152,测试线 #152,"P0067,P0078,P0033,P0061,P0060,P0027",24,2,12,7,15,14,682,6,8,2026/6/18 0:00,2026/8/9 0:00
L0153,包装线 #153,"P0009,P0001,P0040,P0090,P0025,P0026,P0089,P0013",12,1,12,7,19,19,289,2,0,2026/9/14,2026/9/17
L0154,维修线 #154,P0025,16,1,16,5,18,17,160,8,4,2026/6/20 0:00,2026/7/6 0:00
L0155,测试线 #155,"P0010,P0076,P0020,P0014",16,2,8,7,13,11,1324,4,0,2026/12/27,2026/12/29
L0156,总装线 #156,"P0095,P0079,P0086,P0061,P0027",16,1,16,6,7,6,817,6,8,2026/7/4 0:00,2026/7/11 0:00
L0157,波峰焊线 #157,"P0007,P0018",8,1,8,5,6,5,114,4,16,2026/5/23 0:00,2026/7/3 0:00
L0158,维修线 #158,"P0049,P0100,P0050,P0091,P0061,P0046,P0040",18,3,6,6,14,12,2064,1,0,2026/10/28,2026/10/30
L0159,包装线 #159,"P0063,P0089,P0033,P0088,P0016,P0072,P0056,P0084",24,1,24,7,10,9,1426,3,8,2026/6/10 0:00,2026/7/17 0:00
L0160,包装线 #160,"P0048,P0023,P0096,P0002,P0026,P0057,P0047",12,1,12,6,18,16,567,2,4,2026/6/16 0:00,2026/8/2 0:00
L0161,总装线 #161,"P0005,P0083,P0036,P0083,P0062",6,3,2,6,14,14,1380,3,4,2026/5/24 0:00,2026/8/8 0:00
L0162,老化线 #162,"P0063,P0023,P0061,P0096,P0083,P0097,P0070,P0014",6,3,2,7,12,10,994,6,16,2026/5/26 0:00,2026/7/22 0:00
L0163,SMT贴片线 #163,"P0016,P0008,P0057,P0082,P0091,P0008,P0041",16,1,16,7,8,7,884,2,0,2026/7/9,2026/7/11
L0164,DIP插件线 #164,"P0067,P0002,P0086,P0052,P0054,P0086",24,2,12,5,4,2,2561,3,8,2026/6/13 0:00,2026/8/6 0:00
L0165,SMT贴片线 #165,"P0078,P0026,P0089,P0065,P0053",8,1,8,7,8,6,88,4,0,2026/10/13,2026/10/14
L0166,波峰焊线 #166,"P0012,P0015,P0012,P0024,P0094,P0012,P0024,P0041",8,2,4,6,15,15,407,6,16,2026/6/3 0:00,2026/8/3 0:00
L0167,SMT贴片线 #167,"P0088,P0083,P0025,P0096,P0097",12,1,12,5,15,12,130,8,0,2026/10/11,2026/10/13
L0168,波峰焊线 #168,"P0029,P0025,P0035,P0026,P0023,P0038,P0034",16,1,16,6,13,12,351,6,0,2026/12/14,2026/12/16
L0169,维修线 #169,"P0005,P0075,P0050",16,1,16,6,15,13,414,8,4,2026/7/19 0:00,2026/8/11 0:00
L0170,波峰焊线 #170,"P0090,P0065,P0071,P0096,P0035,P0012",24,3,8,5,17,15,3066,8,16,2026/6/18 0:00,2026/6/28 0:00
L0171,总装线 #171,"P0018,P0060,P0076,P0042,P0048,P0073,P0049,P0085",16,1,16,6,12,12,930,6,8,2026/6/15 0:00,2026/8/11 0:00
L0172,SMT贴片线 #172,"P0083,P0013,P0024,P0046,P0040,P0021",15,3,5,5,15,15,729,4,0,2026/10/15,2026/10/17
L0173,维修线 #173,"P0061,P0032,P0033,P0093,P0048,P0077,P0044",24,1,24,5,18,15,951,8,0,2026/8/26,2026/8/27
L0174,维修线 #174,P0021,20,2,10,5,11,11,1197,3,4,2026/7/13 0:00,2026/8/6 0:00
L0175,波峰焊线 #175,"P0007,P0012,P0040,P0099,P0019,P0045",15,3,5,7,20,19,2869,6,16,2026/6/8 0:00,2026/6/9 0:00
L0176,维修线 #176,"P0011,P0024,P0031,P0027,P0056",20,1,20,6,4,3,350,2,0,,
L0177,DIP插件线 #177,"P0071,P0088,P0051,P0090,P0028,P0061,P0086,P0049",12,1,12,7,15,15,397,3,0,2026/10/4,2026/10/7
L0178,维修线 #178,"P0037,P0087,P0094,P0055,P0077,P0051",12,1,12,6,8,6,590,2,0,2026/10/12,2026/10/13
L0179,DIP插件线 #179,"P0044,P0065,P0001,P0079,P0077,P0097",16,2,8,7,4,3,1794,2,16,2026/6/22 0:00,2026/7/9 0:00
L0180,老化线 #180,"P0012,P0044,P0050,P0084,P0024,P0055,P0020",6,3,2,5,8,5,404,2,0,2026/11/29,2026/12/1
L0181,测试线 #181,"P0051,P0088,P0067",16,2,8,7,19,19,670,4,0,2026/8/17,2026/8/20
L0182,DIP插件线 #182,"P0017,P0074,P0065,P0050,P0088,P0059",20,1,20,6,7,4,1029,1,0,2026/11/18,2026/11/21
L0183,SMT贴片线 #183,"P0095,P0082,P0015,P0078,P0058",18,3,6,7,16,13,2978,3,0,2026/7/24,2026/7/25
L0184,包装线 #184,"P0001,P0044,P0091",18,3,6,6,15,15,3026,4,4,2026/6/2 0:00,2026/7/11 0:00
L0185,测试线 #185,"P0063,P0059",12,3,4,7,18,15,323,3,0,2026/8/25,2026/8/28
L0186,包装线 #186,P0070,6,3,2,7,15,13,725,8,0,2026/8/4,2026/8/5
L0187,测试线 #187,"P0046,P0094",12,2,6,6,17,17,753,3,8,2026/5/27 0:00,2026/8/7 0:00
L0188,SMT贴片线 #188,"P0082,P0064,P0056",24,3,8,6,11,10,790,1,0,2026/7/3,2026/7/4
L0189,测试线 #189,P0019,16,2,8,7,11,8,273,3,0,2026/9/23,2026/9/25
L0190,DIP插件线 #190,"P0052,P0003,P0024,P0096,P0033,P0093,P0084",18,3,6,7,6,4,3505,8,0,2026/7/10,2026/7/12
L0191,DIP插件线 #191,"P0074,P0061,P0028,P0098,P0056,P0036",20,1,20,5,12,10,818,6,16,2026/5/29 0:00,2026/6/23 0:00
L0192,波峰焊线 #192,"P0001,P0053,P0027,P0003,P0054",15,3,5,7,5,2,2756,8,0,2026/10/6,2026/10/9
L0193,波峰焊线 #193,"P0079,P0037",16,2,8,6,14,14,598,1,8,2026/6/20 0:00,2026/7/3 0:00
L0194,维修线 #194,"P0044,P0041,P0045,P0057,P0020,P0060",24,2,12,7,14,11,1584,6,0,2026/11/1,2026/11/4
L0195,维修线 #195,"P0072,P0045,P0011,P0027,P0096,P0068,P0048,P0039",12,3,4,7,9,6,743,1,8,2026/6/2 0:00,2026/8/4 0:00
L0196,测试线 #196,"P0073,P0056,P0054,P0098,P0003,P0097",16,2,8,7,18,18,481,6,0,2026/9/5,2026/9/8
L0197,测试线 #197,"P0013,P0051",24,3,8,6,11,8,4181,2,0,2026/12/21,2026/12/22
L0198,总装线 #198,"P0046,P0097,P0028,P0054,P0077,P0036,P0041",12,1,12,7,13,12,659,8,0,2026/8/23,2026/8/26
L0199,包装线 #199,"P0037,P0058,P0021,P0023,P0052,P0037,P0001,P0069",6,3,2,7,14,11,454,4,0,,
L0200,包装线 #200,"P0025,P0082,P0004,P0080,P0029,P0018,P0079",18,3,6,5,7,4,2333,4,0,2026/9/6,2026/9/8
L0201,DIP插件线 #201,"P0088,P0012,P0048,P0003,P0096,P0077,P0084,P0050",24,3,8,7,17,17,1766,2,0,2026/11/18,2026/11/21
L0202,总装线 #202,"P0017,P0038,P0009,P0004,P0027,P0074",12,2,6,6,11,10,787,8,0,2026/8/31,2026/9/3
L0203,维修线 #203,"P0021,P0032,P0060,P0093,P0009,P0001",20,1,20,7,18,17,1021,4,4,2026/6/6 0:00,2026/8/13 0:00
L0204,SMT贴片线 #204,P0057,18,3,6,6,16,16,3018,3,8,2026/6/7 0:00,2026/7/30 0:00
L0205,维修线 #205,"P0016,P0014,P0019,P0034,P0098,P0075,P0097",8,2,4,6,5,3,459,6,8,2026/7/18 0:00,2026/8/14 0:00
L0206,DIP插件线 #206,"P0013,P0043,P0083,P0089,P0010",12,2,6,6,14,13,1383,4,0,,
L0207,维修线 #207,"P0077,P0005,P0098,P0018,P0019",20,1,20,6,14,12,900,3,16,2026/6/25 0:00,2026/7/19 0:00
L0208,测试线 #208,"P0061,P0092,P0057,P0087,P0038",8,1,8,6,15,13,188,8,0,2026/9/26,2026/9/29
L0209,波峰焊线 #209,"P0075,P0039,P0019,P0075",12,1,12,7,13,10,249,2,0,2026/12/4,2026/12/7
L0210,SMT贴片线 #210,"P0076,P0065,P0041",16,2,8,7,20,17,1059,2,0,2026/12/8,2026/12/10
L0211,包装线 #211,"P0044,P0029",20,2,10,7,9,6,645,4,0,2026/9/4,2026/9/6
L0212,测试线 #212,"P0073,P0082,P0002,P0096,P0068,P0030,P0095,P0026",12,1,12,5,12,12,514,3,0,2026/8/24,2026/8/26
L0213,包装线 #213,"P0008,P0058",8,2,4,7,7,5,557,3,4,2026/7/30 0:00,2026/7/30 0:00
L0214,总装线 #214,"P0006,P0078,P0035",12,2,6,7,9,8,458,8,0,2026/8/7,2026/8/8
L0215,测试线 #215,"P0032,P0075,P0098,P0075",6,3,2,5,6,5,855,1,0,2026/9/13,2026/9/16
L0216,维修线 #216,"P0015,P0057,P0011,P0061,P0026,P0013,P0070,P0076",20,1,20,7,5,3,1014,1,0,,
L0217,总装线 #217,"P0076,P0082,P0079,P0097",24,2,12,6,4,1,2625,1,8,2026/7/18 0:00,2026/8/13 0:00
L0218,维修线 #218,"P0083,P0039,P0034,P0069,P0032",8,2,4,6,12,9,668,3,4,2026/7/23 0:00,2026/7/27 0:00
L0219,包装线 #219,P0041,15,3,5,7,20,18,1990,1,16,2026/6/15 0:00,2026/7/24 0:00
L0220,维修线 #220,"P0025,P0100,P0014",20,1,20,5,6,3,882,1,16,2026/7/5 0:00,2026/7/18 0:00
L0221,总装线 #221,"P0079,P0027,P0074,P0087,P0020",12,2,6,7,13,11,1185,4,0,2026/11/12,2026/11/13
L0222,包装线 #222,"P0084,P0077,P0054,P0100,P0093,P0035,P0030,P0034",12,1,12,6,9,8,487,2,0,2026/9/12,2026/9/13
L0223,维修线 #223,"P0040,P0055,P0073,P0051,P0098,P0054,P0001,P0098",16,2,8,5,13,11,1508,8,0,,
L0224,老化线 #224,"P0038,P0048,P0004,P0042,P0055",8,2,4,6,8,5,790,1,16,2026/6/17 0:00,2026/6/18 0:00
L0225,老化线 #225,"P0032,P0021",15,3,5,7,10,9,1967,4,16,2026/6/5 0:00,2026/6/27 0:00
L0226,包装线 #226,"P0078,P0076,P0049,P0008,P0013",18,3,6,7,19,19,3012,4,8,2026/6/23 0:00,2026/7/24 0:00
L0227,SMT贴片线 #227,"P0096,P0010,P0042",16,2,8,7,15,12,1862,1,0,2026/12/5,2026/12/6
L0228,老化线 #228,"P0074,P0070,P0098,P0085,P0034,P0072",12,1,12,7,13,12,454,4,0,2026/8/9,2026/8/12
L0229,测试线 #229,"P0060,P0030,P0059,P0047,P0043,P0026",8,1,8,5,14,12,457,4,8,2026/6/15 0:00,2026/6/19 0:00
L0230,测试线 #230,"P0063,P0007,P0068,P0008,P0066,P0048,P0003",15,3,5,7,4,3,622,4,0,2026/11/28,2026/11/29
L0231,老化线 #231,"P0073,P0012",6,3,2,6,19,17,926,8,0,2026/12/16,2026/12/17
L0232,DIP插件线 #232,"P0060,P0058,P0095,P0020,P0084",24,1,24,7,6,3,974,2,16,2026/6/1 0:00,2026/7/17 0:00
L0233,包装线 #233,"P0074,P0038,P0001,P0080,P0050,P0003,P0002",8,1,8,7,14,11,287,8,8,2026/5/25 0:00,2026/7/17 0:00
L0234,总装线 #234,"P0099,P0074,P0046,P0092",16,2,8,5,12,11,1252,3,4,2026/7/20 0:00,2026/8/14 0:00
L0235,波峰焊线 #235,"P0009,P0042,P0041,P0030,P0085,P0027",12,1,12,5,13,12,143,6,4,2026/5/28 0:00,2026/6/8 0:00
L0236,总装线 #236,"P0057,P0016,P0049",16,1,16,6,12,11,943,2,16,2026/5/26 0:00,2026/7/7 0:00
L0237,SMT贴片线 #237,"P0027,P0099,P0049,P0076",18,3,6,7,10,7,541,4,0,2026/8/31,2026/9/2
L0238,DIP插件线 #238,"P0095,P0078,P0046,P0096,P0041,P0054,P0025,P0027",8,1,8,7,20,20,123,2,0,2026/7/6,2026/7/8
L0239,DIP插件线 #239,"P0054,P0052,P0013,P0046,P0047,P0040,P0009",24,2,12,6,12,12,2851,1,0,2026/9/13,2026/9/16
L0240,老化线 #240,"P0006,P0019,P0032,P0023,P0073,P0002",16,1,16,7,6,3,888,1,0,2026/10/18,2026/10/20
L0241,波峰焊线 #241,"P0080,P0054,P0021,P0054,P0023,P0023",24,1,24,5,19,19,233,2,16,2026/6/29 0:00,2026/8/15 0:00
L0242,波峰焊线 #242,"P0034,P0080,P0042,P0004,P0004,P0043",12,2,6,5,9,9,822,3,0,2026/12/15,2026/12/17
L0243,SMT贴片线 #243,"P0021,P0013,P0002",20,1,20,7,8,5,177,4,16,2026/7/29 0:00,2026/8/7 0:00
L0244,包装线 #244,"P0018,P0078,P0082,P0001,P0040,P0061,P0061,P0033",12,1,12,6,6,6,729,4,0,2026/11/2,2026/11/4
L0245,波峰焊线 #245,"P0029,P0066,P0017",15,3,5,7,15,15,1590,8,16,2026/6/17 0:00,2026/8/4 0:00
L0246,波峰焊线 #246,"P0029,P0033,P0024,P0094",12,3,4,5,7,4,797,6,0,2026/8/3,2026/8/5
L0247,测试线 #247,"P0048,P0085,P0019,P0075,P0095,P0005,P0096",15,3,5,6,20,18,2352,2,0,2026/11/1,2026/11/2
L0248,老化线 #248,"P0042,P0002,P0074,P0062,P0062,P0045,P0025",8,1,8,5,4,3,336,2,0,,
L0249,老化线 #249,"P0024,P0033,P0044,P0063,P0099,P0071",20,1,20,6,12,9,258,3,8,2026/7/5 0:00,2026/7/27 0:00
L0250,维修线 #250,P0070,6,3,2,6,20,18,235,3,0,2026/11/5,2026/11/8
L0251,波峰焊线 #251,"P0040,P0058,P0056,P0071,P0011,P0065",8,1,8,6,7,7,298,3,0,2026/11/21,2026/11/22
L0252,波峰焊线 #252,"P0073,P0068,P0068",18,3,6,5,8,7,2994,2,8,2026/7/7 0:00,2026/7/29 0:00
L0253,SMT贴片线 #253,"P0097,P0092,P0020,P0070",24,2,12,7,11,10,1311,1,8,2026/6/13 0:00,2026/8/12 0:00
L0254,老化线 #254,"P0060,P0042,P0018,P0093,P0039,P0001,P0010,P0033",12,2,6,5,16,14,676,6,0,2026/10/7,2026/10/9
L0255,测试线 #255,"P0021,P0098,P0032,P0051,P0021,P0083,P0054,P0051",12,3,4,7,6,6,1754,2,0,2026/9/12,2026/9/14
L0256,总装线 #256,"P0027,P0057,P0019",12,2,6,5,11,9,340,4,0,2026/9/19,2026/9/20
L0257,测试线 #257,"P0039,P0016,P0070,P0096,P0079,P0059,P0020,P0010",16,1,16,7,7,5,572,8,4,2026/6/21 0:00,2026/7/22 0:00
L0258,包装线 #258,"P0029,P0067,P0014,P0012,P0094",16,1,16,6,12,12,664,4,4,2026/6/13 0:00,2026/7/24 0:00
L0259,包装线 #259,"P0082,P0066,P0043,P0054,P0086",12,3,4,6,17,14,340,1,16,2026/6/27 0:00,2026/6/27 0:00
L0260,测试线 #260,"P0086,P0035,P0014,P0100,P0091,P0063,P0072",16,1,16,5,7,4,318,4,0,2026/8/17,2026/8/20
L0261,老化线 #261,"P0016,P0098",24,3,8,7,16,16,2887,6,16,2026/6/4 0:00,2026/8/13 0:00
L0262,总装线 #262,"P0059,P0074,P0067,P0005,P0052,P0081,P0096,P0100",15,3,5,7,17,14,2239,1,0,2026/10/10,2026/10/11
L0263,老化线 #263,"P0053,P0004,P0094,P0059,P0033",8,1,8,7,9,9,334,3,0,2026/10/18,2026/10/21
L0264,包装线 #264,"P0099,P0021,P0027,P0072,P0099",16,2,8,5,12,9,1611,3,0,2026/7/21,2026/7/24
L0265,包装线 #265,"P0013,P0093,P0012,P0082,P0052",20,2,10,5,19,19,1001,6,4,2026/6/21 0:00,2026/7/2 0:00
L0266,包装线 #266,"P0044,P0057,P0047,P0097,P0021,P0022",24,2,12,7,9,6,846,8,0,2026/9/8,2026/9/10
L0267,包装线 #267,"P0080,P0090,P0010,P0026,P0012,P0012,P0092",8,1,8,5,13,11,391,6,0,2026/7/29,2026/7/30
L0268,老化线 #268,"P0079,P0073,P0011,P0042,P0029",16,1,16,7,14,12,457,4,0,2026/7/3,2026/7/5
L0269,维修线 #269,"P0057,P0083,P0028,P0019",8,1,8,7,8,6,62,2,16,2026/6/20 0:00,2026/6/23 0:00
L0270,SMT贴片线 #270,"P0067,P0075,P0052",16,1,16,5,19,16,473,6,4,2026/6/16 0:00,2026/7/14 0:00
L0271,老化线 #271,"P0010,P0089,P0018,P0042,P0090,P0032",15,3,5,6,12,9,1300,2,0,2026/7/24,2026/7/26
L0272,波峰焊线 #272,"P0092,P0090,P0083,P0071,P0029,P0060",6,3,2,7,19,17,291,6,0,2026/11/23,2026/11/24
L0273,测试线 #273,P0072,24,1,24,6,18,15,948,1,0,2026/7/25,2026/7/28
L0274,维修线 #274,"P0009,P0093,P0036,P0073,P0033,P0094",24,3,8,5,15,12,3964,2,0,2026/10/2,2026/10/4
L0275,SMT贴片线 #275,"P0043,P0030,P0073,P0066,P0053",24,2,12,6,8,5,881,4,0,,
L0276,波峰焊线 #276,"P0100,P0010",24,3,8,7,14,14,4382,1,8,2026/7/7 0:00,2026/8/6 0:00
L0277,DIP插件线 #277,P0084,24,2,12,7,9,8,972,6,16,2026/6/14 0:00,2026/6/15 0:00
L0278,维修线 #278,"P0049,P0090,P0061,P0018,P0044,P0024,P0013",8,2,4,5,7,4,617,8,0,2026/11/12,2026/11/15
L0279,测试线 #279,"P0026,P0030,P0045,P0083,P0082,P0011,P0044",16,1,16,7,17,15,550,2,0,2026/7/4,2026/7/7
L0280,维修线 #280,"P0001,P0068,P0002",6,3,2,6,4,4,1476,1,8,2026/6/4 0:00,2026/7/9 0:00
L0281,SMT贴片线 #281,"P0024,P0069,P0028,P0045,P0013,P0088,P0020,P0077",16,2,8,6,4,2,1747,2,0,2026/7/27,2026/7/29
L0282,包装线 #282,P0069,24,1,24,6,9,8,1249,4,0,2026/12/26,2026/12/29
L0283,DIP插件线 #283,"P0025,P0078,P0020,P0079,P0044,P0059,P0085,P0071",16,2,8,5,15,14,1262,2,0,2026/12/21,2026/12/23
L0284,老化线 #284,"P0025,P0052,P0006,P0046,P0008,P0062,P0085,P0091",20,1,20,7,6,4,402,2,0,2026/8/18,2026/8/20
L0285,DIP插件线 #285,"P0042,P0018,P0058,P0098,P0026",24,1,24,7,14,11,1172,8,0,2026/12/8,2026/12/10
L0286,测试线 #286,"P0072,P0062,P0079,P0050,P0040,P0064",20,2,10,6,16,16,1354,4,0,2026/8/12,2026/8/13
L0287,测试线 #287,"P0083,P0041,P0095",6,3,2,5,10,10,565,6,8,2026/7/31 0:00,2026/8/4 0:00
L0288,SMT贴片线 #288,"P0095,P0066,P0068,P0023,P0066,P0048,P0088",24,1,24,5,13,10,404,6,0,2026/11/5,2026/11/8
L0289,SMT贴片线 #289,"P0074,P0082,P0079,P0002",12,1,12,6,9,8,556,1,8,2026/6/18 0:00,2026/7/25 0:00
L0290,SMT贴片线 #290,"P0030,P0048,P0052,P0006,P0020,P0019,P0077",20,1,20,7,7,5,130,2,8,2026/6/14 0:00,2026/7/4 0:00
L0291,总装线 #291,P0054,24,3,8,6,17,15,1280,8,8,2026/6/26 0:00,2026/7/14 0:00
L0292,老化线 #292,"P0017,P0085,P0089,P0029,P0010,P0082,P0015,P0015",20,2,10,5,19,17,1600,8,8,2026/5/28 0:00,2026/7/12 0:00
L0293,波峰焊线 #293,"P0037,P0073,P0034,P0014,P0098",20,1,20,5,14,13,1186,3,8,2026/6/28 0:00,2026/7/12 0:00
L0294,DIP插件线 #294,"P0014,P0015,P0030,P0005,P0050,P0024,P0011,P0098",20,1,20,5,19,18,268,1,0,,
L0295,DIP插件线 #295,"P0099,P0027,P0093,P0041",12,2,6,7,15,12,1147,4,4,2026/5/28 0:00,2026/8/15 0:00
L0296,SMT贴片线 #296,"P0083,P0008,P0051,P0049",24,1,24,5,14,12,1394,3,0,2026/8/20,2026/8/21
L0297,波峰焊线 #297,"P0009,P0032,P0078,P0068,P0037,P0072,P0021,P0019",15,3,5,5,11,10,1993,3,8,2026/5/26 0:00,2026/7/18 0:00
L0298,包装线 #298,"P0005,P0019,P0014,P0088,P0030,P0001",8,1,8,7,6,3,283,1,4,2026/6/13 0:00,2026/7/3 0:00
L0299,老化线 #299,"P0003,P0084",6,3,2,5,16,16,1307,8,0,2026/8/5,2026/8/8
L0300,维修线 #300,"P0079,P0033,P0045,P0082,P0059,P0062,P0020,P0059",24,3,8,6,13,10,2271,8,0,2026/9/7,2026/9/9
L0301,包装线 #301,P0056,12,1,12,6,9,6,749,2,0,2026/11/27,2026/11/30
L0302,测试线 #302,"P0052,P0054,P0054,P0059",12,1,12,6,17,16,742,2,16,2026/7/7 0:00,2026/8/11 0:00
L0303,维修线 #303,"P0032,P0028,P0092,P0025",20,2,10,6,15,13,984,4,0,,
L0304,总装线 #304,"P0061,P0014,P0070",24,2,12,6,17,15,2039,2,0,2026/12/23,2026/12/26
L0305,维修线 #305,"P0067,P0056,P0024,P0057,P0004,P0089,P0027",15,3,5,6,5,4,886,6,0,2026/12/17,2026/12/19
L0306,老化线 #306,"P0041,P0060,P0032,P0095,P0017,P0098,P0063",24,3,8,5,12,11,3047,6,16,2026/6/11 0:00,2026/6/17 0:00
L0307,包装线 #307,P0007,24,3,8,7,5,5,3637,1,0,2026/7/20,2026/7/23
L0308,包装线 #308,"P0075,P0058,P0061,P0044,P0091,P0023",8,2,4,6,10,9,962,3,16,2026/5/31 0:00,2026/7/8 0:00
L0309,测试线 #309,"P0072,P0071,P0081",16,1,16,7,9,8,247,1,4,2026/7/14 0:00,2026/8/10 0:00
L0310,维修线 #310,"P0061,P0049,P0062,P0022,P0099,P0003,P0076",15,3,5,5,7,6,2755,1,16,2026/5/28 0:00,2026/6/9 0:00
L0311,包装线 #311,"P0011,P0048,P0009,P0023,P0018,P0080",18,3,6,7,9,6,3392,4,8,2026/7/6 0:00,2026/8/3 0:00
L0312,测试线 #312,"P0003,P0080,P0076,P0054,P0022,P0047,P0033,P0025",20,1,20,5,10,8,454,1,0,2026/10/27,2026/10/30
L0313,测试线 #313,"P0056,P0044,P0006,P0035,P0096,P0098,P0085,P0059",24,1,24,6,14,13,220,2,8,2026/6/25 0:00,2026/7/1 0:00
L0314,DIP插件线 #314,"P0026,P0061,P0049,P0050,P0005,P0089,P0087",15,3,5,5,8,8,2284,1,0,2026/10/20,2026/10/23
L0315,测试线 #315,"P0093,P0034,P0071,P0025,P0063,P0037",20,2,10,6,20,17,1166,3,0,2026/7/30,2026/7/31
L0316,测试线 #316,"P0098,P0014,P0032",8,2,4,7,6,4,875,1,0,2026/12/12,2026/12/13
L0317,DIP插件线 #317,P0095,12,2,6,5,8,7,1201,1,0,2026/10/23,2026/10/25
L0318,包装线 #318,"P0026,P0096,P0011",24,1,24,5,18,16,1211,1,4,2026/5/30 0:00,2026/6/7 0:00
L0319,波峰焊线 #319,P0092,6,3,2,5,4,1,1219,2,0,2026/9/13,2026/9/15
L0320,DIP插件线 #320,"P0061,P0037,P0094",20,2,10,7,20,19,1321,2,8,2026/7/25 0:00,2026/8/8 0:00
L0321,SMT贴片线 #321,"P0070,P0074,P0025",20,1,20,7,4,4,323,2,0,2026/7/5,2026/7/6
L0322,DIP插件线 #322,"P0065,P0082,P0037,P0028,P0055,P0033,P0045",8,1,8,5,14,13,123,8,16,2026/6/29 0:00,2026/8/6 0:00
L0323,总装线 #323,"P0064,P0045",24,1,24,7,12,10,1168,1,0,2026/12/25,2026/12/26
L0324,SMT贴片线 #324,"P0076,P0099,P0047,P0090,P0088,P0078",24,2,12,5,18,18,2938,8,0,2026/8/12,2026/8/15
L0325,DIP插件线 #325,"P0039,P0098,P0063,P0041,P0070,P0096,P0025,P0030",24,2,12,7,14,11,1267,4,0,2026/8/13,2026/8/14
L0326,波峰焊线 #326,"P0058,P0020,P0019,P0095,P0097,P0050,P0054,P0004",6,3,2,6,17,14,1338,3,16,2026/7/13 0:00,2026/7/21 0:00
L0327,波峰焊线 #327,"P0076,P0024,P0028",16,2,8,7,8,5,858,4,16,2026/6/14 0:00,2026/8/15 0:00
L0328,DIP插件线 #328,"P0021,P0039,P0071,P0036,P0030,P0025,P0063",8,2,4,6,8,6,404,1,0,2026/9/26,2026/9/29
L0329,维修线 #329,"P0091,P0062,P0078,P0038,P0019,P0031",20,2,10,5,19,19,1045,1,0,,
L0330,维修线 #330,"P0079,P0016,P0077,P0017,P0068,P0037,P0044",12,2,6,6,4,2,1003,3,8,2026/7/1 0:00,2026/8/10 0:00
L0331,包装线 #331,"P0027,P0042,P0089,P0030",12,2,6,7,19,19,174,3,0,2026/12/24,2026/12/25
L0332,包装线 #332,"P0091,P0076,P0079,P0031",20,2,10,7,14,12,1821,2,0,2026/9/29,2026/9/30
L0333,总装线 #333,"P0080,P0042,P0011",18,3,6,6,4,2,2099,1,0,2026/7/22,2026/7/25
L0334,维修线 #334,"P0100,P0008,P0061,P0032,P0029,P0082",18,3,6,7,12,12,1892,2,16,2026/6/10 0:00,2026/6/27 0:00
L0335,SMT贴片线 #335,"P0078,P0069,P0026,P0083,P0025,P0077",16,2,8,7,19,18,1611,3,0,2026/9/3,2026/9/5
L0336,DIP插件线 #336,P0039,15,3,5,5,10,8,970,4,0,2026/9/25,2026/9/28
L0337,测试线 #337,"P0060,P0100,P0019,P0058,P0081,P0049",12,1,12,6,4,4,515,4,0,2026/7/8,2026/7/10
L0338,波峰焊线 #338,"P0021,P0076,P0017,P0042,P0003",24,2,12,6,7,5,1531,2,8,2026/7/20 0:00,2026/8/8 0:00
L0339,DIP插件线 #339,P0081,8,2,4,7,19,17,228,8,0,2026/7/14,2026/7/15
L0340,老化线 #340,P0093,16,2,8,5,14,14,1359,3,4,2026/5/28 0:00,2026/8/3 0:00
L0341,波峰焊线 #341,"P0046,P0044,P0011,P0053,P0044,P0097",20,1,20,5,8,7,240,2,8,2026/6/3 0:00,2026/6/22 0:00
L0342,DIP插件线 #342,"P0027,P0058",20,2,10,7,5,2,1694,4,8,2026/6/11 0:00,2026/8/1 0:00
L0343,波峰焊线 #343,P0083,8,2,4,5,11,11,680,6,0,2026/11/25,2026/11/27
L0344,总装线 #344,"P0097,P0082,P0086,P0051,P0003,P0066,P0098",20,1,20,5,11,10,1194,2,4,2026/7/2 0:00,2026/7/3 0:00
L0345,测试线 #345,"P0030,P0075,P0063,P0001",20,1,20,7,17,17,170,6,0,2026/9/19,2026/9/20
L0346,包装线 #346,"P0035,P0072,P0048,P0066,P0050",6,3,2,6,20,19,686,2,4,2026/5/23 0:00,2026/8/11 0:00
L0347,波峰焊线 #347,"P0084,P0037",12,3,4,6,14,13,887,3,0,2026/7/16,2026/7/19
L0348,维修线 #348,"P0014,P0096,P0027,P0026,P0098,P0073,P0095",8,2,4,7,20,17,284,1,0,2026/10/26,2026/10/27
L0349,测试线 #349,"P0028,P0066,P0004,P0040,P0002",12,3,4,6,15,12,335,8,0,2026/7/12,2026/7/13
L0350,总装线 #350,"P0063,P0062,P0072",12,2,6,5,19,16,1122,4,0,2026/8/28,2026/8/30
L0351,测试线 #351,P0036,12,1,12,7,7,7,651,6,0,2026/11/17,2026/11/19
L0352,SMT贴片线 #352,"P0010,P0036,P0054,P0084,P0003,P0039",16,2,8,6,9,9,296,2,8,2026/6/16 0:00,2026/7/16 0:00
L0353,SMT贴片线 #353,P0061,8,2,4,5,12,9,937,2,0,2026/7/25,2026/7/26
L0354,波峰焊线 #354,"P0003,P0090,P0073,P0062,P0009",8,1,8,5,11,8,441,6,8,2026/6/26 0:00,2026/8/2 0:00
L0355,波峰焊线 #355,"P0002,P0074,P0006",12,1,12,6,16,16,100,4,16,2026/7/14 0:00,2026/7/21 0:00
L0356,DIP插件线 #356,"P0089,P0058,P0001,P0084",15,3,5,6,19,18,2465,1,8,2026/6/16 0:00,2026/6/26 0:00
L0357,SMT贴片线 #357,"P0047,P0012,P0077,P0048,P0059",24,2,12,7,19,18,2232,8,0,2026/8/13,2026/8/15
L0358,维修线 #358,"P0023,P0075,P0052,P0048,P0060,P0045,P0099",24,1,24,6,15,14,583,8,0,2026/12/22,2026/12/25
L0359,测试线 #359,"P0046,P0083,P0060,P0058,P0097,P0070",12,3,4,6,17,15,2172,1,4,2026/6/9 0:00,2026/6/24 0:00
L0360,波峰焊线 #360,"P0027,P0089,P0051",8,2,4,7,8,6,586,8,0,2026/11/15,2026/11/18
L0361,DIP插件线 #361,"P0088,P0091,P0043,P0063",20,1,20,7,5,5,772,3,4,2026/6/13 0:00,2026/8/16 0:00
L0362,DIP插件线 #362,"P0082,P0083,P0059,P0020",15,3,5,6,16,13,891,3,8,2026/6/5 0:00,2026/7/14 0:00
L0363,总装线 #363,"P0097,P0052,P0039,P0027",6,3,2,5,19,18,1386,8,0,2026/10/26,2026/10/29
L0364,DIP插件线 #364,"P0058,P0016,P0055,P0046,P0085",12,1,12,5,4,2,157,2,16,2026/5/31 0:00,2026/6/1 0:00
L0365,老化线 #365,"P0080,P0076,P0062,P0082,P0079,P0076,P0006",6,3,2,7,13,11,673,2,0,2026/7/19,2026/7/20
L0366,维修线 #366,"P0055,P0089",8,2,4,6,15,15,330,4,16,2026/7/11 0:00,2026/7/30 0:00
L0367,包装线 #367,"P0070,P0012,P0011,P0032,P0093",20,1,20,6,5,2,979,1,0,2026/10/15,2026/10/16
L0368,DIP插件线 #368,"P0040,P0071,P0100,P0091,P0058,P0028",20,2,10,7,14,13,1608,4,0,2026/11/4,2026/11/7
L0369,老化线 #369,"P0060,P0036,P0090",8,1,8,7,8,8,471,4,0,2026/8/1,2026/8/3
L0370,老化线 #370,"P0038,P0021,P0006,P0038,P0077,P0043,P0055,P0015",24,3,8,7,5,3,2822,8,4,2026/6/14 0:00,2026/7/24 0:00
L0371,波峰焊线 #371,"P0006,P0039,P0024,P0029,P0044,P0088,P0075",8,1,8,6,19,18,53,8,16,2026/6/14 0:00,2026/8/14 0:00
L0372,维修线 #372,P0057,12,3,4,6,7,7,558,2,8,2026/8/3 0:00,2026/8/8 0:00
L0373,维修线 #373,"P0005,P0036,P0056,P0072,P0090,P0055,P0009,P0009",15,3,5,6,4,2,2014,1,0,,
L0374,DIP插件线 #374,"P0004,P0021",15,3,5,6,19,16,1669,2,0,2026/7/22,2026/7/25
L0375,DIP插件线 #375,"P0062,P0009,P0085,P0024,P0075",24,1,24,7,10,7,1041,6,0,2026/9/2,2026/9/5
L0376,老化线 #376,"P0008,P0066,P0002,P0015,P0068,P0086",6,3,2,5,11,10,349,2,8,2026/5/24 0:00,2026/7/12 0:00
L0377,测试线 #377,"P0085,P0061,P0062,P0062",24,3,8,5,13,12,1744,2,16,2026/6/19 0:00,2026/7/23 0:00
L0378,总装线 #378,"P0062,P0066",8,1,8,6,6,5,350,6,0,2026/7/1,2026/7/2
L0379,DIP插件线 #379,P0097,24,1,24,5,17,15,1416,3,0,2026/7/18,2026/7/19
L0380,老化线 #380,"P0078,P0029,P0096,P0017,P0062,P0079,P0066,P0053",8,2,4,6,4,3,704,3,0,,
L0381,波峰焊线 #381,"P0072,P0011",12,3,4,7,13,10,1791,4,4,2026/5/26 0:00,2026/7/15 0:00
L0382,波峰焊线 #382,"P0040,P0061,P0066,P0063,P0050,P0097",8,2,4,6,16,14,518,3,0,2026/9/24,2026/9/26
L0383,波峰焊线 #383,"P0035,P0037,P0077,P0066,P0030",20,2,10,5,19,17,1449,6,8,2026/5/31 0:00,2026/6/24 0:00
L0384,包装线 #384,"P0036,P0034,P0077,P0055,P0086,P0085,P0025",16,1,16,7,10,8,975,2,16,2026/7/4 0:00,2026/7/28 0:00
L0385,波峰焊线 #385,"P0093,P0093",16,1,16,7,15,13,284,4,4,2026/6/14 0:00,2026/7/28 0:00
L0386,测试线 #386,"P0051,P0062,P0092,P0035",12,1,12,7,14,13,674,4,0,2026/11/1,2026/11/4
L0387,维修线 #387,P0009,24,2,12,5,12,12,982,4,16,2026/7/12 0:00,2026/8/1 0:00
L0388,总装线 #388,"P0077,P0014,P0061,P0056,P0050,P0041,P0016,P0018",16,2,8,6,12,9,559,1,0,2026/7/13,2026/7/15
L0389,波峰焊线 #389,"P0096,P0088",8,2,4,5,5,5,350,6,4,2026/6/8 0:00,2026/6/26 0:00
L0390,老化线 #390,"P0031,P0030,P0029,P0080,P0078,P0074,P0097",12,1,12,7,5,5,150,6,8,2026/6/27 0:00,2026/6/28 0:00
L0391,测试线 #391,"P0027,P0070,P0079,P0003,P0021,P0012,P0074",24,2,12,5,8,8,1795,3,16,2026/6/13 0:00,2026/6/20 0:00
L0392,测试线 #392,"P0036,P0014,P0001,P0031",20,1,20,5,11,8,374,4,4,2026/6/13 0:00,2026/6/14 0:00
L0393,测试线 #393,"P0057,P0020,P0095,P0050,P0079,P0097,P0049,P0003",18,3,6,7,16,13,1095,1,16,2026/6/2 0:00,2026/7/14 0:00
L0394,测试线 #394,"P0078,P0027,P0048,P0019,P0091,P0010,P0077,P0090",12,3,4,6,17,15,877,4,4,2026/7/11 0:00,2026/8/9 0:00
L0395,老化线 #395,"P0030,P0049,P0077,P0061,P0004",12,2,6,5,10,8,627,3,0,2026/7/9,2026/7/10
L0396,总装线 #396,P0063,8,2,4,7,4,1,614,3,0,2026/7/19,2026/7/21
L0397,老化线 #397,"P0062,P0021,P0022,P0029,P0075",20,2,10,5,17,15,1034,3,0,2026/10/25,2026/10/28
L0398,总装线 #398,P0033,8,2,4,6,5,4,181,2,0,2026/8/24,2026/8/25
L0399,DIP插件线 #399,"P0030,P0053,P0040",24,2,12,6,8,6,682,4,0,2026/7/2,2026/7/4
L0400,波峰焊线 #400,"P0071,P0061,P0055,P0022,P0031",24,1,24,5,6,6,923,8,0,2026/8/2,2026/8/4
L0401,SMT贴片线 #401,"P0100,P0060",12,3,4,7,6,6,1790,3,16,2026/6/14 0:00,2026/7/30 0:00
L0402,包装线 #402,P0065,12,1,12,7,9,8,606,3,16,2026/6/13 0:00,2026/6/26 0:00
L0403,SMT贴片线 #403,"P0074,P0036,P0060,P0032,P0059,P0023",20,1,20,5,5,2,300,2,0,2026/12/17,2026/12/20
L0404,DIP插件线 #404,"P0059,P0068,P0063,P0087,P0097",12,1,12,7,5,5,738,2,0,2026/8/3,2026/8/6
L0405,老化线 #405,"P0097,P0033,P0068,P0053,P0022,P0065,P0064",24,3,8,7,16,13,4347,6,0,2026/9/23,2026/9/24
L0406,波峰焊线 #406,"P0039,P0048,P0004,P0041,P0063,P0026,P0097",8,1,8,5,15,13,102,4,0,2026/8/9,2026/8/10
L0407,SMT贴片线 #407,"P0051,P0032,P0019,P0003,P0030",12,2,6,7,8,5,1318,8,0,2026/9/26,2026/9/29
L0408,维修线 #408,"P0054,P0007,P0032",16,2,8,6,18,15,869,2,0,2026/7/18,2026/7/19
L0409,波峰焊线 #409,"P0046,P0066,P0071,P0062,P0006",8,2,4,6,5,3,519,4,8,2026/6/1 0:00,2026/7/17 0:00
L0410,维修线 #410,"P0019,P0096",8,2,4,6,10,8,930,2,0,2026/10/5,2026/10/7
L0411,测试线 #411,"P0045,P0080,P0042,P0037,P0048,P0007,P0067,P0075",8,1,8,7,10,8,61,4,0,2026/9/17,2026/9/20
L0412,DIP插件线 #412,"P0020,P0049",20,2,10,6,20,20,1749,6,8,2026/7/26 0:00,2026/8/3 0:00
L0413,包装线 #413,"P0036,P0051,P0029,P0006,P0006,P0039,P0002",18,3,6,7,12,11,855,2,0,2026/10/29,2026/11/1
L0414,波峰焊线 #414,"P0027,P0001,P0009,P0021,P0005",12,2,6,7,10,7,1229,2,0,2026/9/16,2026/9/17
L0415,测试线 #415,"P0086,P0059",20,1,20,5,18,17,1165,4,0,2026/11/3,2026/11/6
L0416,包装线 #416,"P0068,P0020,P0086,P0088,P0092,P0076",24,3,8,6,19,17,2787,6,16,2026/7/4 0:00,2026/8/11 0:00
L0417,测试线 #417,"P0007,P0076,P0039,P0033,P0014,P0019,P0072",24,1,24,5,4,1,803,3,4,2026/6/30 0:00,2026/7/25 0:00
L0418,总装线 #418,"P0096,P0052,P0054,P0073,P0043,P0039,P0011",12,1,12,6,8,8,546,6,0,2026/11/13,2026/11/15
L0419,总装线 #419,"P0056,P0020,P0054,P0061,P0004,P0043,P0048",12,3,4,6,6,4,2100,1,0,2026/10/13,2026/10/16
L0420,DIP插件线 #420,"P0037,P0032,P0079,P0022",16,1,16,6,19,16,630,4,0,2026/9/27,2026/9/28
L0421,包装线 #421,"P0064,P0012,P0090,P0083,P0020,P0007,P0001",12,3,4,6,16,16,429,1,16,2026/5/24 0:00,2026/6/11 0:00
L0422,维修线 #422,"P0006,P0022",12,1,12,5,13,11,533,8,0,2026/11/21,2026/11/22
L0423,测试线 #423,"P0014,P0035,P0076,P0038,P0079,P0068,P0010,P0079",16,1,16,5,6,6,653,2,16,2026/6/13 0:00,2026/7/12 0:00
L0424,测试线 #424,"P0089,P0037,P0005,P0051",12,1,12,6,12,11,509,8,4,2026/6/4 0:00,2026/7/25 0:00
L0425,包装线 #425,"P0054,P0031,P0040,P0086,P0042,P0027,P0031",12,3,4,6,18,16,2152,3,0,2026/12/20,2026/12/22
L0426,维修线 #426,"P0058,P0017",12,3,4,5,5,5,344,1,0,2026/10/3,2026/10/4
L0427,波峰焊线 #427,"P0083,P0086",8,2,4,6,14,13,747,4,0,2026/7/13,2026/7/16
L0428,测试线 #428,"P0007,P0005",12,2,6,7,5,3,361,2,0,2026/12/8,2026/12/11
L0429,测试线 #429,"P0042,P0096,P0091",20,1,20,6,18,15,1007,3,0,2026/9/7,2026/9/10
L0430,老化线 #430,"P0012,P0063,P0043,P0019,P0006,P0018,P0031",15,3,5,7,9,9,2647,2,0,2026/12/6,2026/12/8
L0431,维修线 #431,"P0044,P0001,P0014,P0062,P0099,P0065",16,1,16,7,9,6,135,1,8,2026/7/5 0:00,2026/7/8 0:00
L0432,总装线 #432,"P0056,P0099,P0094,P0006",12,1,12,6,20,18,433,6,4,2026/8/9 0:00,2026/8/9 0:00
L0433,维修线 #433,"P0061,P0054",24,3,8,6,18,18,1602,1,0,2026/7/5,2026/7/7
L0434,维修线 #434,"P0051,P0034,P0001,P0068,P0030",24,3,8,5,14,13,2270,3,8,2026/5/27 0:00,2026/6/21 0:00
L0435,SMT贴片线 #435,"P0003,P0065,P0094,P0099,P0082,P0040,P0099",12,2,6,5,16,16,731,1,16,2026/6/27 0:00,2026/7/30 0:00
L0436,SMT贴片线 #436,"P0002,P0088,P0055,P0011",18,3,6,5,13,13,3261,4,4,2026/6/14 0:00,2026/7/4 0:00
L0437,包装线 #437,"P0085,P0038,P0086",12,2,6,5,7,6,1407,8,0,2026/8/20,2026/8/23
L0438,测试线 #438,"P0010,P0020",20,1,20,6,10,9,532,3,0,2026/12/22,2026/12/24
L0439,DIP插件线 #439,"P0065,P0099",8,1,8,5,12,11,101,4,0,2026/7/30,2026/7/31
L0440,维修线 #440,"P0050,P0025,P0070",24,1,24,6,12,12,631,1,0,2026/7/24,2026/7/25
L0441,测试线 #441,"P0097,P0081,P0045,P0004,P0044,P0050,P0097,P0056",6,3,2,5,6,5,347,2,4,2026/6/16 0:00,2026/7/30 0:00
L0442,DIP插件线 #442,"P0085,P0100,P0064,P0072",24,2,12,5,9,8,1977,4,16,2026/5/31 0:00,2026/8/6 0:00
L0443,维修线 #443,"P0001,P0074,P0046,P0003",20,2,10,7,15,14,2275,1,0,2026/9/3,2026/9/4
L0444,包装线 #444,"P0077,P0067",16,2,8,7,4,2,1752,1,0,2026/7/29,2026/7/30
L0445,DIP插件线 #445,"P0040,P0069,P0055,P0038",24,1,24,6,19,17,312,1,16,2026/7/2 0:00,2026/8/12 0:00
L0446,SMT贴片线 #446,"P0053,P0010,P0068,P0047,P0010,P0064",8,1,8,6,8,6,417,2,0,2026/8/13,2026/8/14
L0447,测试线 #447,"P0068,P0078,P0077",16,2,8,5,4,2,790,8,0,2026/11/2,2026/11/3
L0448,DIP插件线 #448,"P0075,P0011,P0030,P0007",16,1,16,5,12,10,386,1,0,2026/9/27,2026/9/28
L0449,测试线 #449,"P0052,P0097",15,3,5,7,6,4,2747,8,0,2026/7/20,2026/7/23
L0450,SMT贴片线 #450,"P0076,P0001",16,2,8,5,14,12,1534,2,0,,
L0451,DIP插件线 #451,"P0011,P0043,P0022,P0024",20,1,20,6,15,12,735,3,0,,
L0452,DIP插件线 #452,P0088,8,2,4,5,8,7,764,8,4,2026/6/22 0:00,2026/7/14 0:00
L0453,测试线 #453,"P0068,P0038,P0045,P0018",24,3,8,5,19,18,690,2,4,2026/7/11 0:00,2026/8/16 0:00
L0454,老化线 #454,"P0001,P0015,P0052,P0076,P0025,P0096,P0033,P0089",24,2,12,7,13,11,972,1,8,2026/6/24 0:00,2026/7/15 0:00
L0455,波峰焊线 #455,"P0096,P0006,P0094,P0010",24,1,24,7,7,6,329,1,0,2026/12/14,2026/12/15
L0456,老化线 #456,P0053,12,1,12,6,7,7,515,8,0,2026/8/27,2026/8/30
L0457,DIP插件线 #457,"P0049,P0085,P0067,P0088,P0036,P0057,P0085",16,1,16,6,8,7,752,1,16,2026/7/3 0:00,2026/7/9 0:00
L0458,总装线 #458,"P0063,P0036,P0056,P0007,P0033,P0001,P0056,P0060",12,1,12,6,15,14,662,8,0,2026/12/22,2026/12/24
L0459,波峰焊线 #459,"P0037,P0036,P0023",8,1,8,7,18,16,142,1,0,,
L0460,老化线 #460,"P0026,P0089,P0036,P0062,P0050,P0035,P0021,P0062",8,2,4,7,6,3,413,8,0,2026/12/16,2026/12/19
L0461,总装线 #461,"P0035,P0093",20,1,20,5,11,8,558,6,4,2026/6/10 0:00,2026/8/13 0:00
L0462,包装线 #462,P0009,24,2,12,7,7,5,2627,6,16,2026/7/1 0:00,2026/7/13 0:00
L0463,DIP插件线 #463,"P0003,P0042,P0099",12,2,6,6,11,10,997,6,0,2026/9/19,2026/9/20
L0464,老化线 #464,"P0033,P0090,P0035,P0076,P0026,P0081,P0052",24,2,12,5,19,18,806,8,0,2026/11/14,2026/11/15
L0465,包装线 #465,"P0098,P0031,P0069,P0043,P0064,P0030,P0056,P0072",8,2,4,6,10,9,392,3,0,2026/12/14,2026/12/15
L0466,SMT贴片线 #466,"P0053,P0069,P0095,P0010,P0014,P0088,P0071,P0057",8,1,8,7,8,7,235,1,0,2026/8/24,2026/8/25
L0467,波峰焊线 #467,"P0016,P0036,P0083,P0076,P0058,P0027,P0012",12,3,4,5,10,8,421,3,0,,
L0468,包装线 #468,P0061,12,3,4,5,6,4,1827,6,8,2026/6/22 0:00,2026/8/11 0:00
L0469,测试线 #469,"P0012,P0065",24,1,24,7,4,1,1253,2,16,2026/7/4 0:00,2026/7/14 0:00
L0470,总装线 #470,"P0081,P0074",24,2,12,5,17,15,2824,4,4,2026/5/26 0:00,2026/6/13 0:00
L0471,SMT贴片线 #471,"P0027,P0026,P0017,P0038",16,1,16,5,9,8,764,8,0,2026/7/23,2026/7/25
L0472,维修线 #472,"P0088,P0056,P0020,P0089,P0009",6,3,2,6,11,10,193,8,8,2026/6/18 0:00,2026/7/8 0:00
L0473,波峰焊线 #473,"P0098,P0021",20,2,10,5,9,7,329,2,8,2026/6/5 0:00,2026/7/15 0:00
L0474,总装线 #474,"P0058,P0021,P0077,P0069,P0085,P0073",8,1,8,6,7,4,153,2,0,,
L0475,总装线 #475,P0026,20,2,10,5,18,16,960,6,0,2026/10/15,2026/10/18
L0476,老化线 #476,"P0095,P0090,P0069,P0015",16,2,8,7,18,18,1775,1,16,2026/5/29 0:00,2026/6/8 0:00
L0477,维修线 #477,"P0031,P0007,P0066",18,3,6,7,8,8,2123,6,0,2026/8/9,2026/8/12
L0478,DIP插件线 #478,"P0043,P0071,P0018,P0023,P0006",12,3,4,7,6,4,1288,1,0,2026/9/2,2026/9/3
L0479,老化线 #479,"P0055,P0093",20,1,20,5,11,11,708,6,0,2026/7/22,2026/7/25
L0480,DIP插件线 #480,P0093,16,2,8,5,12,10,254,1,16,2026/5/26 0:00,2026/8/16 0:00
L0481,SMT贴片线 #481,"P0008,P0081,P0096,P0078,P0004,P0093",8,2,4,5,6,6,719,4,16,2026/6/4 0:00,2026/7/18 0:00
L0482,波峰焊线 #482,"P0070,P0019",16,2,8,6,7,5,1555,3,0,2026/7/28,2026/7/30
L0483,维修线 #483,"P0049,P0061,P0006,P0065,P0056,P0060",16,2,8,7,6,5,516,3,4,2026/5/28 0:00,2026/8/10 0:00
L0484,SMT贴片线 #484,"P0012,P0047,P0093,P0067,P0036,P0068",6,3,2,5,4,2,1346,4,0,2026/11/26,2026/11/28
L0485,波峰焊线 #485,"P0085,P0007,P0047,P0040,P0022,P0074",20,2,10,7,7,6,1179,3,4,2026/6/21 0:00,2026/7/3 0:00
L0486,老化线 #486,"P0078,P0079,P0072,P0059,P0080,P0046,P0003",6,3,2,7,5,2,222,2,0,2026/12/11,2026/12/13
L0487,波峰焊线 #487,"P0072,P0068",12,1,12,5,12,12,701,4,0,2026/8/3,2026/8/4
L0488,SMT贴片线 #488,"P0067,P0025,P0049,P0092",15,3,5,7,12,11,1778,4,0,2026/9/7,2026/9/10
L0489,总装线 #489,"P0090,P0052,P0080",24,3,8,5,16,14,1431,8,0,2026/11/17,2026/11/20
L0490,测试线 #490,"P0097,P0092,P0017,P0048,P0093,P0093,P0068",12,3,4,7,13,10,828,1,0,2026/10/31,2026/11/1
L0491,老化线 #491,"P0021,P0046,P0097,P0048,P0097,P0038,P0006",12,1,12,6,12,12,387,1,16,2026/6/29 0:00,2026/7/11 0:00
L0492,波峰焊线 #492,"P0094,P0003,P0086,P0011",20,1,20,7,15,13,736,2,0,2026/11/28,2026/11/30
L0493,维修线 #493,"P0048,P0031",20,2,10,6,12,10,1404,6,4,2026/5/25 0:00,2026/6/20 0:00
L0494,波峰焊线 #494,"P0005,P0038,P0088,P0082,P0008,P0038",16,2,8,7,8,5,1298,8,0,,
L0495,总装线 #495,"P0094,P0029,P0019,P0014,P0012,P0013,P0092",12,1,12,5,15,14,634,3,4,2026/6/7 0:00,2026/7/2 0:00
L0496,维修线 #496,"P0081,P0087",24,2,12,7,7,7,1937,2,0,2026/12/9,2026/12/10
L0497,总装线 #497,P0093,20,1,20,5,16,14,1249,1,0,2026/8/24,2026/8/26
L0498,DIP插件线 #498,"P0100,P0071,P0093,P0068,P0002,P0002,P0024",6,3,2,7,19,17,1488,1,0,2026/7/5,2026/7/8
L0499,总装线 #499,P0032,8,1,8,7,7,5,400,1,4,2026/6/8 0:00,2026/8/7 0:00
L0500,老化线 #500,"P0001,P0080,P0088,P0028,P0051,P0048,P0079",16,2,8,7,19,17,1513,6,0,2026/9/19,2026/9/20
